iso.j,name.j,years.j,props.tot.j,props.modern.j,props.trad.j,start.j,end.j,age.cat.j,source.j,poptype.j,geo.j,posbias.j,folkbias.j,mod.bias.j,probe.bias.j,props.unmet.j,source.unmet.j,rounded.up,less.than.1.pc,se.logR.trad.nouse,se.logR.modern.nouse,se.logR.unmet.noneed,include.trad.ses,include.modern.ses,include.unmet.ses
218,Ecuador,1999.49589,0.091467155,0.074738499,0.016728656,1999.246575,1999.745205,0,Other,UW,,,,,0,NA,Other,FALSE,FALSE,NA,NA,NA,0,0,0
218,Ecuador,1989.6479450000002,0.056589011,0.045069702,0.011519309,1989.547945,1989.747945,0,Other,UW,,,,,0,NA,Other,FALSE,FALSE,NA,NA,NA,0,0,0
218,Ecuador,1987.121918,0.032460137,0.027904328,0.004555809,1987,1987.243836,0,DHS,UW,,,,,0,NA,DHS,FALSE,FALSE,NA,NA,NA,0,0,0
218,Ecuador,1994.557534,0.05697881,0.047162083,0.009816727,1994.49589,1994.619178,0,Other,UW,,,,,0,NA,Other,FALSE,FALSE,NA,NA,NA,0,0,0
218,Ecuador,2009.9937869999999,0.232,0.205132584,0.026867416,2007.452055,2012.535519,0,NS,UW,,,,,0,0.050931175,Other,FALSE,FALSE,NA,NA,NA,0,0,0
218,Ecuador,2004.288251,0.143693642,0.123223232,0.02047041,2004.163934,2004.412568,0,Other,UW,,,,,0,NA,Other,FALSE,FALSE,NA,NA,NA,0,0,0
498,Republic of Moldova,2005.5383565,0.14445084,0.109931651,0.034519188,2005.413699,2005.663014,0,DHS,UW,,,,,0,0.031518158,DHS,FALSE,FALSE,0.120715873,0.067324065,0.120575659,1,1,1
498,Republic of Moldova,2012.393443,0.192572049,0.171938216,0.020633833,2012.29235,2012.494536,0,MICS,UW,,,,,0,NA,Other,FALSE,FALSE,0.170384876,0.068384882,0.101037639,1,1,1
498,Republic of Moldova,1997.705479,0.13375378,0.107317495,0.026436285,1997.665753,1997.745205,?,Other,UW,,,,,0,NA,Other,FALSE,FALSE,NA,NA,NA,0,0,0
600,Paraguay,1987,0.016,0.004,0.012,1987,1987,?,Other,UW,,,Including folk methods.,,0,0.088064356,Other,FALSE,FALSE,NA,NA,NA,0,0,0
600,Paraguay,2008.6229509999998,0.355,0.316,0.039,2008.415301,2008.830601,?,Other,UW,,,,,1,0.076063272,Other,FALSE,FALSE,NA,NA,NA,0,0,0
600,Paraguay,1998.8082195,0.155,0.12,0.035,1998.70411,1998.912329,?,Other,UW,,,Including folk methods.,,1,0.017,Other,FALSE,FALSE,NA,NA,NA,0,0,0
600,Paraguay,1995.9545735000002,0.161765833,0.109848324,0.051917509,1995.747945,1996.161202,0,Other,UW,,,Including folk methods.,,1,0.043275862,Other,FALSE,FALSE,NA,NA,NA,0,0,0
600,Paraguay,1990.4958904999999,0.0787574,0.052734741,0.026022659,1990.328767,1990.663014,0,DHS,UW,,,,,0,0.012202671,DHS,FALSE,FALSE,0.142949108,0.103860635,0.226908875,1,1,1
600,Paraguay,2004.3715845,0.253572361,0.211609358,0.041963003,2004.163934,2004.579235,?,Other,UW,,,,,1,0.056118607,Other,FALSE,FALSE,NA,NA,NA,0,0,0
600,Paraguay,2016.5614755000001,0.313317547,0.306514168,0.00680338,2016.415301,2016.70765,0,MICS,UW,,,,,1,0.126557174,Other,FALSE,FALSE,NA,NA,NA,0,0,0
694,Sierra Leone,2017.4958904999999,0.324594143,0.318134793,0.00645935,2017.328767,2017.663014,0,MICS,UW,,,,,0,NA,Other,FALSE,FALSE,NA,NA,NA,0,0,0
694,Sierra Leone,2000.2978145000002,0.099485647,0.093948103,0.005537544,2000.248634,2000.346995,0,MICS,UW,,,,,1,NA,Other,FALSE,FALSE,0.492547013,0.122413687,NaN,1,1,0
694,Sierra Leone,2013.6219179999998,0.323752504,0.308744649,0.015007855,2013.413699,2013.830137,0,DHS,UW,,,,,0,0.120224883,DHS,FALSE,FALSE,0.20314791,0.06505992,0.058493059,1,1,1
694,Sierra Leone,2010.8726025,0.240110991,0.230961268,0.009149722,2010.747945,2010.99726,0,MICS,UW,,,,,1,NA,Other,FALSE,FALSE,0.173802149,0.059894139,0.050861871,1,1,1
694,Sierra Leone,2008.3715849999999,0.162502609,0.125239005,0.037263604,2008.248634,2008.494536,0,DHS,UW,,,,,0,0.191345605,DHS,FALSE,FALSE,0.156046897,0.080065424,0.080173052,1,1,1
694,Sierra Leone,2005.830137,0.175423371,0.165082506,0.010340866,2005.747945,2005.912329,0,MICS,UW,,,,,1,NA,Other,FALSE,FALSE,0.241704896,0.075839556,NaN,1,1,0
516,Namibia,2000.8319675,0.339869758,0.3358234,0.004046359,2000.666667,2000.997268,0,DHS,UW,,,,,0,0.109106119,DHS,FALSE,FALSE,0.267474248,0.061629817,0.075417123,1,1,1
516,Namibia,1992.704918,0.192399725,0.181655785,0.01074394,1992.497268,1992.912568,0,DHS,UW,,,,,0,0.073455099,DHS,FALSE,FALSE,0.191714692,0.077967698,0.074978054,1,1,1
516,Namibia,2013.536986,0.471120791,0.46856284,0.002557951,2013.328767,2013.745205,0,DHS,UW,,,,,0,0.086776968,DHS,FALSE,FALSE,0.314772837,0.035057134,0.061872908,1,1,1
516,Namibia,2007.0383565000002,0.419821733,0.414082729,0.005739004,2006.832877,2007.243836,0,DHS,UW,,,,,0,0.079574902,DHS,FALSE,FALSE,0.19200422,0.045112647,0.061529884,1,1,1
222,El Salvador,2008.4931689999999,0.224891942,0.213891942,0.011,2008.265027,2008.721311,?,Other,UW,,,,,0,NA,Other,FALSE,FALSE,NA,NA,NA,0,0,0
222,El Salvador,1993.3479455000002,0.127546584,0.121565217,0.005981366,1993.161644,1993.534247,?,Other,UW,,,,,1,NA,Other,FALSE,FALSE,NA,NA,NA,0,0,0
222,El Salvador,2003.163014,0.192856555,0.176221613,0.016634942,2002.832877,2003.493151,?,Other,UW,,,,,0,NA,Other,FALSE,FALSE,NA,NA,NA,0,0,0
222,El Salvador,1988.446721,0.12861166499999999,0.127013047,0.001598619,1988.333333,1988.560109,?,Other,UW,,,,,0,NA,Other,FALSE,FALSE,NA,NA,NA,0,0,0
222,El Salvador,1998.579452,0.138360094,0.133065643,0.005294451,1998.246575,1998.912329,?,Other,UW,,,,,0,NA,Other,FALSE,FALSE,NA,NA,NA,0,0,0
222,El Salvador,2014.450685,0.223666724,0.215373429,0.008293294,2014.161644,2014.739726,0,MICS,UW,,,,,0,0.063577004,Other,FALSE,FALSE,0.208066703,0.044291246,0.069903554,1,1,1
222,El Salvador,1985.4534245,0.090816223,0.089368086,0.001448137,1985.328767,1985.578082,0,DHS,UW,,,,,0,NA,DHS,FALSE,FALSE,NA,NA,NA,0,0,0
214,Dominican Republic,1991.7041095,0.121613459,0.11410902,0.007504439,1991.49589,1991.912329,0,DHS,UW,,,,,0,0.018703867,DHS,FALSE,FALSE,0.328180369,0.069475673,0.165805637,1,1,1
214,Dominican Republic,2013.6630135,0.353537345,0.336927409,0.016609936,2013.49589,2013.830137,0,DHS,UW,,,,,0,0.057667086,DHS,FALSE,FALSE,0.164893973,0.03952616,0.092925931,1,1,1
214,Dominican Republic,2007.410959,0.292644754,0.282180776,0.010463978,2007.161644,2007.660274,0,DHS,UW,,,,,0,0.053898039,DHS,FALSE,FALSE,0.147333834,0.03597341,0.069305781,1,1,1
214,Dominican Republic,1986.8315065000002,0.090125624,0.087705923,0.002419701,1986.665753,1986.99726,0,DHS,UW,,,,,0,NA,DHS,FALSE,FALSE,NA,NA,NA,0,0,0
214,Dominican Republic,2014.5383565,0.350085519,0.341664464,0.008421055,2014.413699,2014.663014,0,MICS,UW,,,,,1,0.090804279,Other,FALSE,FALSE,0.178267091,0.030334991,0.051599237,1,1,1
214,Dominican Republic,2002.7465750000001,0.235647522,0.220339902,0.01530762,2002.49589,2002.99726,0,DHS,UW,,,,,0,0.041928413,DHS,FALSE,FALSE,0.148155009,0.040137932,0.080473053,1,1,1
214,Dominican Republic,1996.8319675,0.169780888,0.153918968,0.01586192,1996.666667,1996.997268,0,DHS,UW,,,,,0,0.034781714,DHS,FALSE,FALSE,0.180950625,0.057399267,0.11871589,1,1,1
214,Dominican Republic,1999.789041,0.220075659,0.214292462,0.005783197,1999.580822,1999.99726,0,DHS,UW,,,,,0,0.034325995,DHS,FALSE,FALSE,0.616975036,0.123080163,0.275780859,1,1,1
604,Peru,2015.5712325,0.202869098,0.163006897,0.039862202,2015.175342,2015.967123,0,DHS,UW,,,Including folk methods.,,0,NA,DHS,FALSE,FALSE,NA,NA,NA,0,0,0
604,Peru,1986.8315065000002,0.035254883,0.018580276,0.016674607,1986.665753,1986.99726,0,DHS,UW,,,,,0,NA,DHS,FALSE,FALSE,NA,NA,NA,0,0,0
604,Peru,2016.5737705000001,0.226237997,0.181125665,0.045112332,2016.185792,2016.961749,0,DHS,UW,,,Including folk methods.,,0,NA,DHS,FALSE,FALSE,NA,NA,NA,0,0,0
604,Peru,2017.561644,0.244786523,0.19707586,0.047710663,2017.164384,2017.958904,0,DHS,UW,,,Including folk methods.,,0,NA,DHS,FALSE,FALSE,NA,NA,NA,0,0,0
604,Peru,2011.579452,0.194545536,0.150464116,0.044081419,2011.161644,2011.99726,0,DHS,UW,,,,,0,0.027240762,DHS,FALSE,FALSE,0.068181704,0.043643293,0.083051013,1,1,1
604,Peru,1991.9969234999999,0.07156433,0.040147947,0.031416383,1991.747945,1992.245902,0,DHS,UW,,,,,0,0.017573393,DHS,FALSE,FALSE,0.077877295,0.072079686,0.096240225,1,1,1
604,Peru,2010.579452,0.182434373,0.13902282999999999,0.043411543,2010.161644,2010.99726,0,DHS,UW,,,,,0,0.026900376,DHS,FALSE,FALSE,0.071185822,0.048857519,0.081567478,1,1,1
604,Peru,2018.520548,0.237721229,0.196404434,0.041316796,2018.084932,2018.956164,0,DHS,UW,,,Including folk methods.,,0,NA,DHS,FALSE,FALSE,NA,NA,NA,0,0,0
604,Peru,1996.7472675,0.082256925,0.053653199,0.028603726,1996.581967,1996.912568,0,DHS,UW,,,,,0,0.026765814,DHS,FALSE,FALSE,0.070541439,0.066336728,0.074943553,1,1,1
604,Peru,2006.3835614999998,0.147651787,0.105805537,0.04184625,2006.021918,2006.745205,0,DHS,UW,,,,,0,0.027499173,DHS,FALSE,FALSE,0.087093372,0.052809696,0.081825757,1,1,1
604,Peru,2009.5369865,0.172754692,0.131353909,0.041400783,2009.161644,2009.912329,0,DHS,UW,,,,,0,0.029778137,DHS,FALSE,FALSE,0.069054282,0.046927593,0.077002502,1,1,1
604,Peru,2013.5369865,0.184876482,0.139846432,0.04503005,2013.161644,2013.912329,0,DHS,UW,,,Including folk methods.,,0,NA,DHS,FALSE,FALSE,NA,NA,NA,0,0,0
604,Peru,2014.579452,0.205455001,0.157016625,0.048438377,2014.161644,2014.99726,0,DHS,UW,,,Including folk methods.,,0,NA,DHS,FALSE,FALSE,NA,NA,NA,0,0,0
604,Peru,2012.5806010000001,0.196291338,0.151636185,0.044655153,2012.163934,2012.997268,0,DHS,UW,,,,,0,0.026498272,DHS,FALSE,FALSE,0.059814358,0.040721853,0.078780465,1,1,1
604,Peru,2007.9153004999998,0.167333116,0.126720962,0.040612154,2007,2008.830601,0,DHS,UW,,,,,0,0.030674443,DHS,FALSE,FALSE,0.079577223,0.054601295,0.086031517,1,1,1
604,Peru,2000.704918,0.120898345,0.084441251,0.036457093,2000.497268,2000.912568,0,DHS,UW,,,,,0,0.02824244,DHS,FALSE,FALSE,0.071988153,0.046034405,0.076788947,1,1,1
268,Georgia,2010.9534245,0.011815406,0.010815406,0.001,2010.747945,2011.158904,?,Other,UW,,,,,0,NA,Other,TRUE,FALSE,NA,NA,NA,0,0,0
268,Georgia,2005.412329,0.010696057,0.009696057,0.001,2005.161644,2005.663014,?,Other,UW,,,,,0,NA,Other,TRUE,FALSE,NA,NA,NA,0,0,0
268,Georgia,2018.8315065000002,0.027547613,0.026547613,0.001,2018.665753,2018.99726,0,MICS,UW,,,,,0,NA,Other,TRUE,FALSE,NA,NA,NA,0,0,0
268,Georgia,2000.0393895,0.00632583,0.00532583,0.001,1999.832877,2000.245902,?,Other,UW,,,,,0,NA,Other,TRUE,TRUE,NA,NA,NA,0,0,0
268,Georgia,2006.2849314999999,0.019,0.016,0.003,2006.161644,2006.408219,+,Other,PW,,,,+,1,NA,Other,FALSE,FALSE,NA,NA,NA,0,0,0
268,Georgia,2009.369863,0.002,0.001,0.001,2009.246575,2009.493151,+,Other,PW,,,,-,1,NA,Other,FALSE,TRUE,NA,NA,NA,0,0,0
52,Barbados,1980.5,0.104,0.101296,0.002704,1980,1981,0,Other,UW,,,,,0,NA,Other,FALSE,FALSE,NA,NA,NA,0,0,0
52,Barbados,2012.580601,0.291358608,0.23792287,0.053435738000000003,2012.330601,2012.830601,0,MICS,UW,,,,,1,NA,Other,FALSE,FALSE,NA,NA,NA,0,0,0
854,Burkina Faso,2014.7465750000001,0.068752761,0.067752761,0.001,2014.49589,2014.99726,0,PMA,UW,,,,,1,0.061065199,Other,TRUE,FALSE,NaN,0.215180486,0.317148514,0,1,1
854,Burkina Faso,2016.288251,0.148275548,0.136108958,0.01216659,2016.163934,2016.412568,0,PMA,UW,,,,,0,0.086052156,Other,FALSE,FALSE,0.369008552,0.167588981,0.167941606,1,1,1
854,Burkina Faso,2010.7054795,0.118285745,0.113518713,0.004767032,2010.328767,2011.082192,0,DHS,UW,,,,,0,0.047467148,DHS,FALSE,FALSE,NA,NA,NA,0,0,0
854,Burkina Faso,2006.3438355,0.130613573,0.119655577,0.010957997,2006.238356,2006.449315,0,MICS,UW,,,,,1,NA,Other,FALSE,FALSE,0.389613896,0.118066186,NaN,1,1,0
854,Burkina Faso,2017.9575345,0.170725191,0.151977323,0.018747868,2017.832877,2018.082192,0,PMA,UW,,,,,0,0.067338003,Other,FALSE,FALSE,0.386879947,0.12813908,0.165758679,1,1,1
854,Burkina Faso,2016.9577625000002,0.149162588,0.138203619,0.01095897,2016.833333,2017.082192,0,PMA,UW,,,,,0,0.105845961,Other,FALSE,FALSE,0.319618944,0.127660912,0.148099839,1,1,1
854,Burkina Faso,1999.0383565000002,0.124955188,0.099344326,0.025610862,1998.832877,1999.243836,0,DHS,UW,,,,,0,0.060424288,DHS,FALSE,FALSE,0.169994217,0.103526686,0.120155762,1,1,1
854,Burkina Faso,2018.99863,0.195174359,0.179081139,0.01609322,2018.915068,2019.082192,0,PMA,UW,,,,,0,0.074325343,Other,FALSE,FALSE,0.258922725,0.1132275,0.197074643,1,1,1
854,Burkina Faso,2003.663014,0.145569225,0.134192112,0.011377113,2003.413699,2003.912329,0,DHS,UW,,,,,0,0.046783074,DHS,FALSE,FALSE,0.200338245,0.101962678,0.109246003,1,1,1
854,Burkina Faso,2014.747945,0.150960051,0.13622239,0.014737661,2014.665753,2014.830137,0,PMA,UW,,,,,0,0.076668452,Other,FALSE,FALSE,0.352538416,0.163009355,0.261546795,1,1,1
854,Burkina Faso,1993.0795685,0.064005884,0.031999415,0.032006469,1992.915301,1993.243836,0,DHS,UW,,,,,0,0.019941485,DHS,FALSE,FALSE,0.168408914,0.172218958,0.267290495,1,1,1
108,Burundi,2000.338798,0.02561624,0.019816336,0.005799903,2000.29235,2000.385246,0,MICS,UW,,,,,1,NA,Other,FALSE,FALSE,0.284205761,0.18726589,NaN,1,1,0
108,Burundi,2002,0.07,0.037856,0.032144,2002,2002,0,NS,UW,,,,,0,NA,Other,FALSE,FALSE,NA,NA,NA,0,0,0
108,Burundi,2016.953769,0.039648288,0.036439778,0.00320851,2016.748634,2017.158904,0,DHS,UW,,,,,0,0.032757453,DHS,FALSE,FALSE,0.344515078,0.071371869,0.080731065,1,1,1
108,Burundi,2005.856164,0.009516183,0.008516183,0.001,2005.715068,2005.99726,0,MICS,UW,,,,,1,NA,Other,TRUE,TRUE,0.631737572,0.203587105,NaN,1,1,0
108,Burundi,2010.8315069999999,0.019070647,0.018070647,0.001,2010.580822,2011.082192,0,DHS,UW,,,,,0,0.034845546,DHS,TRUE,FALSE,0.573833875,0.124512667,0.096033338,1,1,1
108,Burundi,1987.369863,0.016238633,0.006042115,0.010196518,1987.161644,1987.578082,0,DHS,UW,,,,,0,NA,DHS,FALSE,FALSE,NA,NA,NA,0,0,0
132,Cabo Verde,2005.7465750000001,0.315247436,0.305760647,0.009486789,2005.49589,2005.99726,0,DHS,UW,,,,,0,NA,DHS,FALSE,FALSE,NA,NA,NA,0,0,0
132,Cabo Verde,1998.412329,0.206393009,0.192522052,0.013870957,1998.161644,1998.663014,0,DHS,UW,,,,,0,NA,DHS,FALSE,FALSE,NA,NA,NA,0,0,0
340,Honduras,1996.3729509999998,0.094,0.091,0.003,1996,1996.745902,?,Other,UW,,,,,1,NA,Other,FALSE,FALSE,NA,NA,NA,0,0,0
340,Honduras,2001.4150685,0.130579481,0.120944444,0.009635037,2001.084932,2001.745205,?,Other,UW,,,,,0,0.05069403,Other,FALSE,FALSE,NA,NA,NA,0,0,0
340,Honduras,1991.5,0.06940582,0.062684606,0.006721214,1991,1992,?,Other,UW,,,,,0,NA,Other,FALSE,FALSE,NA,NA,NA,0,0,0
340,Honduras,2006.079452,0.125736286,0.11764942,0.008086866,2005.747945,2006.410959,0,DHS,UW,,,,,0,0.037141317,DHS,FALSE,FALSE,0.149279285,0.04593899,0.066476833,1,1,1
340,Honduras,2012.122494,0.172667624,0.157980552,0.014687072,2011.665753,2012.579235,0,DHS,UW,,,,,0,0.038317919,DHS,FALSE,FALSE,0.113098146,0.037649728,0.061480991,1,1,1
340,Honduras,1987.6589045,0.053964206,0.050400447,0.003563758,1987.432877,1987.884932,?,NS,UW,,,,,0,NA,Other,FALSE,FALSE,NA,NA,NA,0,0,0
288,Ghana,2016.7472675,0.187740206,0.159830412,0.027909795,2016.581967,2016.912568,0,PMA,UW,,,,,0,0.116819402,Other,FALSE,FALSE,0.214832836,0.103358786,0.141283848,1,1,1
288,Ghana,1993.9123285,0.157584683,0.072901325,0.084683358,1993.665753,1994.158904,0,DHS,UW,,,,,0,0.032400589,DHS,FALSE,FALSE,0.092832612,0.111549803,0.163777607,1,1,1
288,Ghana,1988.2896175,0.108940646,0.035311796,0.07362885,1988.084699,1988.494536,0,DHS,UW,,,,,0,NA,DHS,FALSE,FALSE,NA,NA,NA,0,0,0
288,Ghana,2003.6630135,0.132170564,0.096405811,0.035764753,2003.49589,2003.830137,0,DHS,UW,,,,,0,0.078100855,DHS,FALSE,FALSE,0.152459128,0.082847795,0.090447985,1,1,1
288,Ghana,2011.8315065000002,0.210495039,0.167642291,0.042852748,2011.665753,2011.99726,0,MICS,UW,,,,,1,NA,Other,FALSE,FALSE,0.119009755,0.072990584,0.074996057,1,1,1
288,Ghana,2015.4109589999998,0.196790473,0.16234607,0.034444404,2015.328767,2015.493151,0,PMA,UW,,,,,0,0.125816257,Other,FALSE,FALSE,0.186463533,0.089336613,0.110246354,1,1,1
288,Ghana,2006.7054795,0.098192655,0.082451952,0.015740703,2006.580822,2006.830137,0,MICS,UW,,,,,1,NA,Other,FALSE,FALSE,0.225484604,0.08510098,NaN,1,1,0
288,Ghana,2014.8315065000002,0.177575737,0.129052103,0.048523635,2014.665753,2014.99726,0,DHS,UW,,,,,0,0.101033223,DHS,FALSE,FALSE,0.120065003,0.067880527,0.069207046,1,1,1
288,Ghana,2013.7041095,0.08800962,0.075981623,0.012027997,2013.49589,2013.912329,0,PMA,UW,,,,,1,0.126470898,Other,FALSE,FALSE,0.685319025,0.118036182,0.131256446,1,1,1
288,Ghana,2008.7896175,0.134733848,0.091323105,0.043410743,2008.666667,2008.912568,0,DHS,UW,,,,,0,0.078858538,DHS,FALSE,FALSE,0.126888298,0.087595719,0.099279518,1,1,1
288,Ghana,2017.789041,0.147268442,0.121876491,0.02539195,2017.665753,2017.912329,0,PMA,UW,,,,,0,0.117931923,Other,FALSE,FALSE,0.244723263,0.117609736,0.105653231,1,1,1
288,Ghana,2014.2479455,0.107842215,0.09798615,0.009856065,2014.084932,2014.410959,0,PMA,UW,,,,,1,0.121402916,Other,FALSE,FALSE,0.368310824,0.115262556,0.1083643,1,1,1
288,Ghana,2014.8315065000002,0.159305883,0.138138591,0.021167292,2014.665753,2014.99726,0,PMA,UW,,,,,1,0.098855087,Other,FALSE,FALSE,0.214298997,0.123526401,0.128200956,1,1,1
288,Ghana,1998.9958904999999,0.108189764,0.058273812,0.049915952,1998.832877,1999.158904,0,DHS,UW,,,,,0,0.086905575,DHS,FALSE,FALSE,0.123931271,0.113933895,0.096336113,1,1,1
804,Ukraine,2012.8688525,0.292430623,0.261869058,0.030561565,2012.740437,2012.997268,0,MICS,UW,,,,,0,NA,Other,FALSE,FALSE,0.219788799,0.078752299,0.1565268,1,1,1
804,Ukraine,2007.7041095,0.271116966,0.243325064,0.027791902,2007.49589,2007.912329,0,DHS,UW,,,,,0,0.016916013,DHS,FALSE,FALSE,0.135725811,0.073153481,0.208186934,1,1,1
804,Ukraine,1999.6219179999998,0.247,0.181,0.066,1999.413699,1999.830137,?,Other,UW,,,,,0,NA,Other,FALSE,FALSE,NA,NA,NA,0,0,0
804,Ukraine,2005.9109585,0.246846513,0.230731517,0.016114996,2005.835616,2005.986301,0,MICS,UW,,,,,1,NA,Other,FALSE,FALSE,0.304519445,0.098145667,NaN,1,1,0
116,Cambodia,2010.789041,0.003540123,0.002540123,0.001,2010.49589,2011.082192,0,DHS,UW,,,,,0,0.003683986,DHS,TRUE,TRUE,0.865850695,0.254210387,0.254508482,1,1,1
116,Cambodia,1998.4534245,0.003008961,0.002008961,0.001,1998.328767,1998.578082,0,NS,UW,,,Including folk methods.,,0,NA,Other,TRUE,TRUE,NA,NA,NA,0,0,0
116,Cambodia,2014.7054795,0.012751306,0.010507966,0.002243339,2014.413699,2014.99726,0,DHS,UW,,,,,0,0.003197669,DHS,FALSE,FALSE,0.384074155,0.162019863,0.256264633,1,1,1
116,Cambodia,2000.331967,0.003939268,0.002939268,0.001,2000.084699,2000.579235,0,DHS,UW,,,,,0,NA,DHS,TRUE,TRUE,1.001398469,0.333471454,0.194344218,1,1,1
116,Cambodia,2005.9547945,0.004198877,0.003198877,0.001,2005.665753,2006.243836,0,DHS,UW,,,,,0,0.004032002,DHS,TRUE,TRUE,0.99984665,0.271665813,0.247486064,1,1,1
320,Guatemala,2015.1205479999999,0.101367613,0.0917505,0.009617112,2014.747945,2015.493151,0,DHS,UW,,,,,0,0.027978615,DHS,FALSE,FALSE,0.117991869,0.042539582,0.070666169,1,1,1
320,Guatemala,1987.8315065000002,0.03140774,0.028603477,0.002804262,1987.665753,1987.99726,?,DHS,UW,,,,,0,NA,DHS,FALSE,FALSE,NA,NA,NA,0,0,0
320,Guatemala,2009.1208925,0.077286885,0.071536066,0.00575082,2008.748634,2009.493151,0,Other,UW,,,,,0,NA,Other,FALSE,FALSE,NA,NA,NA,0,0,0
320,Guatemala,2002.59863,0.053334531,0.048108927,0.005225605,2002.315068,2002.882192,0,Other,UW,,,Including folk methods.,,0,NA,Other,FALSE,FALSE,NA,NA,NA,0,0,0
320,Guatemala,1995.7054795,0.032349654,0.030631561,0.001718093,1995.413699,1995.99726,0,DHS,UW,,,,,0,0.022574375,DHS,FALSE,FALSE,0.492314776,0.131602833,0.126536992,1,1,1
320,Guatemala,1999.121918,0.04265474,0.04165474,0.001,1998.832877,1999.410959,0,NS,UW,,,,,0,0.023421042,Other,TRUE,FALSE,0.624153641,0.214259518,0.182613623,1,1,1
764,Thailand,2016.0367095000001,0.063127488,0.062127488,0.001,2015.871233,2016.202186,0,MICS,UW,,,,,1,NA,Other,TRUE,FALSE,NA,NA,NA,0,0,0
764,Thailand,2006.036986,0.028013921,0.027013921,0.001,2005.915068,2006.158904,0,MICS,UW,,,,,1,NA,Other,TRUE,FALSE,0.564156104,0.091610529,NaN,1,1,0
764,Thailand,1987.3273975,0.0151,0.0141,0.001,1987.161644,1987.493151,0,DHS,UW,,,Including folk methods.,,0,NA,DHS,TRUE,FALSE,NA,NA,NA,0,0,0
764,Thailand,2012.7896175,0.056265929,0.055033426,0.001232503,2012.666667,2012.912568,0,MICS,UW,,,,,1,NA,Other,FALSE,FALSE,0.450202713,0.078898931,0.435408555,1,1,1
624,Guinea-Bissau,2006.40137,0.296084554,0.271437478,0.024647076,2006.358904,2006.443836,0,MICS,UW,,,,,1,NA,Other,FALSE,FALSE,0.162315276,0.072848316,NaN,1,1,0
624,Guinea-Bissau,2014.369863,0.432933647,0.401019474,0.031914173,2014.161644,2014.578082,0,MICS,UW,,,,,1,0.135730337,Other,FALSE,FALSE,0.124725989,0.053064879,0.067810237,1,1,1
624,Guinea-Bissau,2000.3346995000002,0.091586446,0.069985003,0.021601443,2000.273224,2000.396175,0,MICS,UW,,,,,0,NA,Other,FALSE,FALSE,NA,NA,NA,0,0,0
894,Zambia,2002.121918,0.095157536,0.085817428,0.009340108,2001.832877,2002.410959,0,DHS,UW,,,,,0,0.099662228,DHS,FALSE,FALSE,0.214400265,0.087129263,0.072002151,1,1,1
894,Zambia,2013.9534245,0.142723279,0.139030473,0.003692806,2013.580822,2014.326027,0,DHS,UW,,,,,0,0.100873919,DHS,FALSE,FALSE,0.270937495,0.048555048,0.050127962,1,1,1
894,Zambia,1992.2062839999999,0.053238134,0.037423119,0.015815015,1992,1992.412568,0,DHS,UW,,,,,0,0.064140135,DHS,FALSE,FALSE,0.153959205,0.1070174,0.096104736,1,1,1
894,Zambia,1996.78973,0.086293091,0.063009518,0.023283572,1996.497268,1997.082192,0,DHS,UW,,,,,0,0.111857173,DHS,FALSE,FALSE,0.121932414,0.085934754,0.061881145,1,1,1
894,Zambia,2007.538356,0.124905802,0.115607118,0.009298685,2007.246575,2007.830137,0,DHS,UW,,,,,0,0.103887596,DHS,FALSE,FALSE,NA,NA,NA,0,0,0
430,Liberia,1986.3315069999999,0.123907632,0.099674334,0.024233298,1986.084932,1986.578082,0,DHS,UW,,,,,0,NA,DHS,FALSE,FALSE,NA,NA,NA,0,0,0
430,Liberia,2007.1205475000002,0.165996174,0.143186008,0.022810166,2006.915068,2007.326027,0,DHS,UW,,,,,0,0.257093381,DHS,FALSE,FALSE,0.168383884,0.099360134,0.057964569,1,1,1
430,Liberia,2013.369863,0.238093479,0.224686319,0.01340716,2013.161644,2013.578082,0,DHS,UW,,,,,0,0.230267024,DHS,FALSE,FALSE,0.25254276,0.070541105,0.062871232,1,1,1
417,Kyrgyzstan,2012.7896175,0.032341198,0.030600272,0.001740926,2012.581967,2012.997268,0,DHS,UW,,,,,0,0.015335572,DHS,FALSE,FALSE,0.690193536,0.145707741,0.202128968,1,1,1
417,Kyrgyzstan,2014.40137,0.033486558,0.032486558,0.001,2014.309589,2014.493151,0,MICS,UW,,,,,0,NA,Other,TRUE,FALSE,NaN,0.171697216,1.001563238,0,1,1
417,Kyrgyzstan,2006.0260275,0.058831121,0.057793461,0.00103766,2005.961644,2006.090411,0,MICS,UW,,,,,1,NA,Other,FALSE,FALSE,0.712429448,0.137317529,NaN,1,1,0
417,Kyrgyzstan,2018.768493,0.031021421,0.030021421,0.001,2018.665753,2018.871233,0,MICS,UW,,,,,0,NA,Other,TRUE,FALSE,NA,NA,NA,0,0,0
417,Kyrgyzstan,1997.7465754999998,0.045160745,0.043180957,0.001979787,1997.580822,1997.912329,0,DHS,UW,,,,,0,NA,DHS,FALSE,FALSE,0.603616357,0.16287155,0.470791779,1,1,1
112,Belarus,2017.4561644999999,0.5958,0.5269,0.0689,2017,2017.912329,+,Other,UW,,,,+,1,NA,Other,FALSE,FALSE,NA,NA,NA,0,0,0
112,Belarus,2005.9150685,0.259285171,0.237316199,0.021968972,2005.832877,2005.99726,0,MICS,UW,,,,,1,NA,Other,FALSE,FALSE,0.210282015,0.083780392,NaN,1,1,0
112,Belarus,2012.3688525,0.397182049,0.3762068,0.020975248,2012.237705,2012.5,0,MICS,UW,,,,,1,NA,Other,FALSE,FALSE,NA,NA,NA,0,0,0
768,Togo,2006.4150685,0.261172112,0.229405076,0.031767036,2006.353425,2006.476712,0,MICS,UW,,,,,1,NA,Other,FALSE,FALSE,0.194882323,0.085608862,NaN,1,1,0
768,Togo,1998.2479455,0.244977955,0.097442526,0.147535429,1998.084932,1998.410959,0,DHS,UW,,,,,0,0.101006407,DHS,FALSE,FALSE,0.07392227,0.089593648,0.072711037,1,1,1
768,Togo,1988.6639344999999,0.246136865,0.043046358,0.203090508,1988.415301,1988.912568,0,DHS,UW,,,,,0,NA,DHS,FALSE,FALSE,NA,NA,NA,0,0,0
768,Togo,2014.079452,0.182831902,0.157036129,0.025795773,2013.832877,2014.326027,0,DHS,UW,,,,,0,0.095278807,DHS,FALSE,FALSE,0.144249793,0.070196389,0.070139839,1,1,1
768,Togo,2010.7602740000002,0.163550454,0.155668133,0.007882321,2010.679452,2010.841096,0,MICS,UW,,,,,1,NA,Other,FALSE,FALSE,0.292364698,0.079129239,0.084249808,1,1,1
598,Papua New Guinea,2017.932993,0.074027975,0.064315358,0.009712617,2016.915301,2018.950685,0,DHS,UW,,,,,0,0.045714125,DHS,FALSE,FALSE,0.184630499,0.100097431,0.100094866,1,1,1
598,Papua New Guinea,1997.0335915,0.03415967,0.019076462,0.015083208,1996.478142,1997.589041,0,NS,UW,,,,,0,NA,Other,FALSE,FALSE,NA,NA,NA,0,0,0
598,Papua New Guinea,2006.9150685,0.050350542,0.031867431,0.01848311,2006.747945,2007.082192,0,NS,UW,,,,,0,NA,Other,FALSE,FALSE,NA,NA,NA,0,0,0
496,Mongolia,2008,0.184210526,0.170676692,0.013533835,2008,2008,0,NS,UW,,,,,0,NA,Other,FALSE,FALSE,NA,NA,NA,0,0,0
496,Mongolia,2003,0.203772314,0.173122263,0.030650051,2003,2003,0,NS,UW,,,,,0,NA,Other,FALSE,FALSE,NA,NA,NA,0,0,0
496,Mongolia,1998,0.141788056,0.098802108,0.042985948,1998,1998,0,NS,UW,,,,,0,NA,Other,FALSE,FALSE,NA,NA,NA,0,0,0
496,Mongolia,2018,0.152685922,0.148751526,0.003934396,2018,2018,0,MICS,UW,,,,,1,0.088564752,Other,FALSE,FALSE,NA,NA,NA,0,0,0
496,Mongolia,2013.867123,0.147342246,0.132625815,0.014716431,2013.745205,2013.989041,0,MICS,UW,,,,,0,0.098000371,Other,FALSE,FALSE,0.138359139,0.049986287,0.056315643,1,1,1
496,Mongolia,2000.497268,0.121824304,0.11080502,0.011019284,2000.382514,2000.612022,0,MICS,UW,,,,,1,NA,Other,FALSE,FALSE,0.197272977,0.078922442,NaN,1,1,0
496,Mongolia,2010.608219,0.160638046,0.15524519,0.005392855,2010.589041,2010.627397,0,MICS,UW,,,,,1,NA,Other,FALSE,FALSE,0.328382601,0.064128157,0.078354059,1,1,1
496,Mongolia,2005.9150685,0.198502513,0.186761584,0.011740929,2005.832877,2005.99726,0,MICS,UW,,,,,1,NA,Other,FALSE,FALSE,0.169833674,0.054296519,NaN,1,1,0
204,Benin,1996.5396175,0.179259437,0.031249105,0.148010332,1996.415301,1996.663934,0,DHS,UW,,,,,0,0.056063959,DHS,FALSE,FALSE,0.11866613,0.183606368,0.139023818,1,1,1
204,Benin,2001.7465754999998,0.157164799,0.063109893,0.094054907,2001.580822,2001.912329,0,DHS,UW,,,,,0,0.088493253,DHS,FALSE,FALSE,0.088200208,0.125251821,0.093317601,1,1,1
204,Benin,2012.080485,0.165194437,0.114546553,0.050647884,2011.915068,2012.245902,0,DHS,UW,,,,,0,0.103943015,DHS,FALSE,FALSE,0.11481131,0.065594499,0.05498396,1,1,1
204,Benin,2014.328767,0.13503622,0.101335304,0.033700916,2014.328767,2014.328767,0,MICS,UW,,,,,1,0.177506629,Other,FALSE,FALSE,NA,NA,NA,0,0,0
204,Benin,2006.7465754999998,0.176871643,0.089878252,0.086993391,2006.580822,2006.912329,0,DHS,UW,,,,,0,0.060033,DHS,FALSE,FALSE,0.064320663,0.064344585,0.074726886,1,1,1
204,Benin,2018.0027395,0.118398608,0.097569753,0.020828856,2017.846575,2018.158904,0,DHS,UW,,,,,0,0.114077154,DHS,FALSE,FALSE,0.139027268,0.065140554,0.057399129,1,1,1
860,Uzbekistan,2006.2643835,0.022826669,0.020211909,0.002614761,2006.161644,2006.367123,0,MICS,UW,,,,,1,NA,Other,FALSE,FALSE,0.310530826,0.149096785,NaN,1,1,0
860,Uzbekistan,2002.8315065000002,0.044176707,0.039013196,0.005163511,2002.665753,2002.99726,0,NS,UW,,,Including folk methods.,,0,NA,Other,FALSE,FALSE,NA,NA,NA,0,0,0
762,Tajikistan,2005.747945,0.011806683,0.00976854,0.002038143,2005.665753,2005.830137,0,MICS,UW,,,,,1,NA,Other,FALSE,FALSE,0.471613869,0.22398086,NaN,1,1,0
762,Tajikistan,2017.730137,0.005729859,0.004729859,0.001,2017.6,2017.860274,0,DHS,UW,,,,,0,NA,DHS,TRUE,TRUE,NaN,0.282753075,0.468909736,0,1,1
862,Venezuela (Bolivarian Republic of),1998,0.154402164,0.140070512,0.014331651,1998,1998,0,NS,UW,,,,,0,NA,Other,FALSE,FALSE,NA,NA,NA,0,0,0
360,Indonesia,1997.8315065000002,0.00345,0.00245,0.001,1997.665753,1997.99726,0,DHS,FM,,,,-,0,NA,DHS,TRUE,TRUE,NaN,0.272017698,NaN,0,1,0
360,Indonesia,2012.454918,0.01088767,0.00988767,0.001,2012.330601,2012.579235,0,NS,UW,,,,,0,0.002530645,Other,TRUE,FALSE,0.427787509,0.133308948,0.194599329,1,1,1
360,Indonesia,2003.036986,0.00767,0.00667,0.001,2002.747945,2003.326027,0,DHS,UW,,,Including folk methods.,,0,NA,DHS,TRUE,TRUE,1.000684563,0.199942151,NaN,1,1,0
360,Indonesia,1991.4534245,0.00452,0.00352,0.001,1991.328767,1991.578082,0,DHS,FM,,,,-,0,NA,DHS,TRUE,TRUE,NaN,0.245301902,NaN,0,1,0
360,Indonesia,2017.6205475,0.009742434,0.008742434,0.001,2017.49589,2017.745205,0,DHS,UW,,,,,0,0.002729005,DHS,TRUE,TRUE,0.306998286,0.120477567,0.167036609,1,1,1
360,Indonesia,2016.9154130000002,0.013995057,0.012995057,0.001,2016.748634,2017.082192,0,PMA,UW,,,,,0,0.002048451,Other,TRUE,FALSE,0.99800297,0.180878716,0.454775416,1,1,1
360,Indonesia,1994.7041095,0.00351,0.00251,0.001,1994.49589,1994.912329,0,DHS,FM,,,,-,0,NA,DHS,TRUE,TRUE,NaN,0.263300054,NaN,0,1,0
360,Indonesia,2007.7874505,0.00771,0.00671,0.001,2007.413699,2008.161202,0,DHS,UW,,,Including folk methods.,,0,NA,DHS,TRUE,TRUE,1.001122102,0.192727448,NaN,1,1,0
360,Indonesia,2015.579452,0.017177537,0.016177537,0.001,2015.49589,2015.663014,0,PMA,UW,,,,,0,0.00786714,Other,TRUE,FALSE,NaN,0.197204521,0.596561917,0,1,1
818,Egypt,2000.2062839999999,0.00227,0.00127,0.001,2000.084699,2000.327869,0,DHS,FM,,,,-,0,NA,DHS,TRUE,TRUE,NaN,0.321470869,NaN,0,1,0
818,Egypt,2005.3972605,0.002,0.001,0.001,2005.30137,2005.493151,0,DHS,FM,,,,-,0,NA,DHS,TRUE,TRUE,NaN,0.372687047,NaN,0,1,0
818,Egypt,2008.329235,0.002,0.001,0.001,2008.163934,2008.494536,0,DHS,FM,,,,-,0,NA,DHS,TRUE,TRUE,NaN,0.385842437,NaN,0,1,0
818,Egypt,2003.4109589999998,0.00215,0.00115,0.001,2003.328767,2003.493151,0,NS,FM,,,,-,0,NA,Other,TRUE,TRUE,NaN,0.460766089,NaN,0,1,0
84,Belize,2015.9396135000002,0.160988198,0.147452753,0.013535445,2015.79726,2016.081967,0,MICS,UW,,,,,0,0.082334791,Other,FALSE,FALSE,NA,NA,NA,0,0,0
84,Belize,2011.519178,0.217517024,0.205030154,0.01248687,2011.446575,2011.591781,0,MICS,UW,,,,,1,NA,Other,FALSE,FALSE,0.234167754,0.071252675,0.094311,1,1,1
84,Belize,1991.0863015,0.115190921,0.109598131,0.00559279,1991.038356,1991.134247,?,Other,UW,,,,,0,NA,Other,FALSE,FALSE,NA,NA,NA,0,0,0
388,Jamaica,1997.789041,0.190364631,0.187001728,0.003362903,1997.580822,1997.99726,0,Other,UW,,,,,0,NA,Other,FALSE,FALSE,NA,NA,NA,0,0,0
388,Jamaica,1989,0.169368045,0.159530373,0.009837672,1989,1989,0,Other,UW,,,,,0,NA,Other,FALSE,FALSE,NA,NA,NA,0,0,0
388,Jamaica,1993,0.173750911,0.168477521,0.00527339,1993,1993,0,Other,UW,,,,,0,NA,Other,FALSE,FALSE,NA,NA,NA,0,0,0
388,Jamaica,2002.5,0.176,0.17,0.006,2002,2003,0,Other,UW,,,,,0,NA,Other,FALSE,FALSE,NA,NA,NA,0,0,0
388,Jamaica,2008.870664,0.222449123,0.207354386,0.015094737,2008.415301,2009.326027,0,Other,UW,,,,,0,NA,Other,FALSE,FALSE,NA,NA,NA,0,0,0
72,Botswana,1984.3306010000001,0.066749604,0.059749604,0.007,1984.163934,1984.497268,0,Other,UW,,,,,0,NA,Other,FALSE,FALSE,NA,NA,NA,0,0,0
72,Botswana,1988.7896175,0.275810526,0.272947368,0.002863158,1988.581967,1988.997268,0,DHS,UW,,,,,0,NA,DHS,FALSE,FALSE,NA,NA,NA,0,0,0
800,Uganda,2015.079452,0.173680476,0.160448358,0.013232118,2015,2015.158904,0,PMA,UW,,,,,1,0.077220876,Other,FALSE,FALSE,0.291327346,0.115912989,0.10186401,1,1,1
800,Uganda,1995.412329,0.095244655,0.063547398,0.031697257,1995.161644,1995.663014,0,DHS,UW,,,,,0,0.083272181,DHS,FALSE,FALSE,0.141746497,0.10557167,0.107143194,1,1,1
800,Uganda,2018.328767,0.223453075,0.197532223,0.025920852,2018.246575,2018.410959,0,PMA,UW,,,,,0,0.104937937,Other,FALSE,FALSE,0.28020445,0.118142899,0.106551631,1,1,1
800,Uganda,2015.6630135,0.179208462,0.171227354,0.007981108,2015.580822,2015.745205,0,PMA,UW,,,,,0,0.101833641,Other,FALSE,FALSE,0.3222789,0.10811188,0.107693373,1,1,1
800,Uganda,2016.6639344999999,0.168689338,0.156271478,0.01241786,2016.415301,2016.912568,0,DHS,UW,,,,,0,0.082039707,DHS,FALSE,FALSE,0.121637623,0.047678,0.050234071,1,1,1
800,Uganda,2006.579452,0.127429597,0.11390172,0.013527878,2006.328767,2006.830137,0,DHS,UW,,,,,0,0.083571662,DHS,FALSE,FALSE,0.159382157,0.074827516,0.073594904,1,1,1
800,Uganda,2004.8320795,0.108010047,0.101032654,0.006977393,2004.581967,2005.082192,0,NS,UW,,,Including folk methods.,,0,NA,Other,FALSE,FALSE,NA,NA,NA,0,0,0
800,Uganda,2000.9552515,0.146223277,0.129361916,0.01686136,2000.666667,2001.243836,0,DHS,UW,,,,,0,0.088187692,DHS,FALSE,FALSE,0.17278159,0.092209928,0.091163348,1,1,1
800,Uganda,1988.9127855,0.067990725,0.029410208,0.038580518,1988.666667,1989.158904,0,DHS,UW,,,,,0,NA,DHS,FALSE,FALSE,NA,NA,NA,0,0,0
800,Uganda,2014.4917805,0.12862912,0.123818658,0.004810462,2014.49589,2014.487671,0,PMA,UW,,,,,1,0.109594139,Other,FALSE,FALSE,0.282029537,0.132062201,0.134211443,1,1,1
800,Uganda,2016.3306010000001,0.19022378,0.178412998,0.011810782,2016.248634,2016.412568,0,PMA,UW,,,,,0,0.099020974,Other,FALSE,FALSE,0.249743961,0.11720742,0.127026527,1,1,1
800,Uganda,2011.7054795,0.129239201,0.117097781,0.01214142,2011.413699,2011.99726,0,DHS,UW,,,,,0,0.082357591,DHS,FALSE,FALSE,NA,NA,NA,0,0,0
800,Uganda,2017.328767,0.215866608,0.193505787,0.022360821,2017.246575,2017.410959,0,PMA,UW,,,,,0,0.087059633,Other,FALSE,FALSE,0.223081071,0.101373136,0.114842881,1,1,1
834,United Republic of Tanzania,1991.9969234999999,0.076320145,0.04653049,0.029789655,1991.747945,1992.245902,0,DHS,UW,,,,,0,NA,DHS,FALSE,FALSE,0.132450881,0.127534969,0.095055937,1,1,1
834,United Republic of Tanzania,1994.6205475,0.120906203,0.078865356,0.042040847,1994.49589,1994.745205,0,NS,UW,,,,,0,NA,Other,FALSE,FALSE,NA,NA,NA,0,0,0
834,United Republic of Tanzania,2010.1630135,0.191682926,0.170921699,0.020761226,2009.915068,2010.410959,0,DHS,UW,,,,,0,0.098039384,DHS,FALSE,FALSE,0.166589066,0.062747556,0.070674875,1,1,1
834,United Republic of Tanzania,2004.953769,0.144069477,0.126684116,0.01738536,2004.748634,2005.158904,0,DHS,UW,,,,,0,0.096237067,DHS,FALSE,FALSE,0.185124736,0.080655281,0.092536779,1,1,1
834,United Republic of Tanzania,1996.704918,0.113323831,0.086217508,0.027106323,1996.497268,1996.912568,0,DHS,UW,,,,,0,0.13024434,DHS,FALSE,FALSE,0.117526954,0.102248885,0.071902719,1,1,1
834,United Republic of Tanzania,1999.789041,0.163759165,0.134433055,0.02932611,1999.665753,1999.912329,0,DHS,UW,,,,,0,0.113738153,DHS,FALSE,FALSE,0.210576681,0.137115724,0.108029842,1,1,1
834,United Republic of Tanzania,2015.871012,0.227737503,0.192026121,0.035711382,2015.580822,2016.161202,0,DHS,UW,,,,,0,0.081920795,DHS,FALSE,FALSE,0.107807785,0.049574388,0.070887637,1,1,1
398,Kazakhstan,2018,0.3,0.2823,0.0177,2018,2018,+,NS,UW,,,,,0,NA,Other,FALSE,FALSE,NA,NA,NA,0,0,0
398,Kazakhstan,2006.121918,0.112677683,0.110110162,0.002567521,2006,2006.243836,0,MICS,UW,,,,,1,NA,Other,FALSE,FALSE,0.291936851,0.054099204,NaN,1,1,0
398,Kazakhstan,1995.536986,0.118014174,0.088255208,0.029758966,1995.328767,1995.745205,0,DHS,UW,,,,,0,0.024013661,DHS,FALSE,FALSE,0.228919194,0.129818364,0.196095544,1,1,1
398,Kazakhstan,2015.7876715,0.193595045,0.18709983,0.006495215,2015.70411,2015.871233,0,MICS,UW,,,,,0,0.04380447,Other,FALSE,FALSE,0.265953456,0.057943386,0.092786399,1,1,1
398,Kazakhstan,2010.9575345,0.143133655,0.139735668,0.003397987,2010.832877,2011.082192,0,MICS,UW,,,,,1,NA,Other,FALSE,FALSE,0.329028578,0.053007527,0.152363284,1,1,1
398,Kazakhstan,1999.6205475,0.17308659,0.147720829,0.025365761,1999.49589,1999.745205,0,DHS,UW,,,,,0,0.029503031,DHS,FALSE,FALSE,0.17011764,0.082256318,0.173484319,1,1,1
31,Azerbaijan,2001.4123285,0.003222442,0.002148295,0.001074148,2001.246575,2001.578082,?,Other,UW,,,,,0,NA,Other,FALSE,TRUE,NA,NA,NA,0,0,0
120,Cameroon,2004.3743165,0.262612901,0.158931196,0.103681705,2004.084699,2004.663934,0,DHS,UW,,,,,0,0.053310001,DHS,FALSE,FALSE,0.070122075,0.063060362,0.080924278,1,1,1
120,Cameroon,1998.2890415,0.333653255,0.098575128,0.235078126,1998.084932,1998.493151,0,DHS,UW,,,,,0,0.078611234,DHS,FALSE,FALSE,0.083349424,0.095475539,0.101556478,1,1,1
120,Cameroon,2014,0.449872352,0.309126884,0.140745468,2014,2014,0,MICS,UW,,,,,1,0.070582431,Other,FALSE,FALSE,NA,NA,NA,0,0,0
120,Cameroon,2006.3986300000001,0.364780774,0.293148442,0.071632332,2006.331507,2006.465753,0,MICS,UW,,,,,1,NA,Other,FALSE,FALSE,0.074785659,0.057410316,NaN,1,1,0
120,Cameroon,2011.3315069999999,0.24263818,0.191573329,0.05106485,2011,2011.663014,0,DHS,UW,,,,,0,0.070919141,DHS,FALSE,FALSE,0.076196444,0.047562653,0.067152485,1,1,1
120,Cameroon,1991.49589,0.30286673,0.039970134,0.262896596,1991.246575,1991.745205,0,DHS,UW,,,,,0,0.037265108,DHS,FALSE,FALSE,0.094257524,0.149234657,0.168442087,1,1,1
148,Chad,2015.036986,0.044754733,0.042703325,0.002051408,2014.747945,2015.326027,0,DHS,UW,,,,,0,0.056382117,DHS,FALSE,FALSE,0.37158668,0.097773862,0.089597213,1,1,1
148,Chad,2010.2630135,0.037702128,0.032592779,0.005109349,2010.115068,2010.410959,0,MICS,UW,,,,,1,NA,Other,FALSE,FALSE,0.337392641,0.162693069,0.092146316,1,1,1
148,Chad,1997.2466915,0.03071985,0.014690281,0.016029568,1996.915301,1997.578082,0,DHS,UW,,,,,0,0.044350022,DHS,FALSE,FALSE,0.173745355,0.181619366,0.127905115,1,1,1
148,Chad,2004.748634,0.01442983,0.011032577,0.003397253,2004.557377,2004.939891,0,DHS,UW,,,,,0,0.030399794,DHS,FALSE,FALSE,0.374374771,0.274067488,0.191480186,1,1,1
426,Lesotho,2001.4273975,0.172611323,0.163809706,0.008801618,2001.361644,2001.493151,?,NS,UW,,,,,0,NA,Other,FALSE,FALSE,NA,NA,NA,0,0,0
426,Lesotho,2018,0.370835378,0.357588432,0.013246947,2018,2018,0,MICS,UW,,,,,1,NA,Other,FALSE,FALSE,NA,NA,NA,0,0,0
426,Lesotho,2000.288251,0.15833896,0.157326131,0.001012829,2000.163934,2000.412568,0,MICS,UW,,,,,1,NA,Other,FALSE,FALSE,NA,NA,NA,0,0,0
426,Lesotho,2004.8744295000001,0.199198723,0.193540027,0.005658696,2004.666667,2005.082192,0,DHS,UW,,,,,0,0.100760137,DHS,FALSE,FALSE,0.2779944,0.061996007,0.075305649,1,1,1
426,Lesotho,2011.3328765,0.316159432,0.310963627,0.005195805,2011.290411,2011.375342,?,NS,UW,,,,,0,NA,Other,FALSE,FALSE,NA,NA,NA,0,0,0
426,Lesotho,2014.8315065000002,0.353474442,0.350045233,0.003429209,2014.665753,2014.99726,0,DHS,UW,,,,,0,0.057061228,DHS,FALSE,FALSE,0.36408683,0.050071042,0.110563106,1,1,1
426,Lesotho,2009.9150685,0.233963943,0.227012389,0.006951554,2009.747945,2010.082192,0,DHS,UW,,,,,0,0.072349058,DHS,FALSE,FALSE,0.241428942,0.051193467,0.078924661,1,1,1
562,Niger,1992.329235,0.03888699,0.026543571,0.012343419,1992.163934,1992.494536,0,DHS,UW,,,,,0,NA,DHS,FALSE,FALSE,0.281273654,0.172900375,NaN,1,1,0
562,Niger,2000.4439889999999,0.051087483,0.048516548,0.002570935,2000.289617,2000.598361,0,MICS,UW,,,,,1,NA,Other,FALSE,FALSE,NA,NA,NA,0,0,0
562,Niger,2012.2896175,0.016892192,0.015892192,0.001,2012.084699,2012.494536,0,DHS,UW,,,,,0,0.014801676,DHS,TRUE,FALSE,0.595710209,0.248875699,0.295464217,1,1,1
562,Niger,1998.369863,0.043650615,0.033830433,0.009820183,1998.161644,1998.578082,0,DHS,UW,,,,,0,0.031742916,DHS,FALSE,FALSE,0.267627258,0.162230876,0.233418643,1,1,1
562,Niger,2006.2054795,0.023719803,0.020842043,0.002877759,2006,2006.410959,0,DHS,UW,,,,,0,0.011864688,DHS,FALSE,FALSE,0.494959512,0.22758947,0.21792567,1,1,1
562,Niger,2016.2336070000001,0.042155227,0.041155227,0.001,2016.142077,2016.325137,0,PMA,UW,,,,,1,0.011534475,Other,TRUE,FALSE,NaN,0.328369776,0.313230555,0,1,1
562,Niger,2017.536986,0.020081204,0.016903093,0.003178111,2017.328767,2017.745205,0,PMA,UW,,,,,0,0.020335774,Other,FALSE,FALSE,1.009814559,0.365367571,0.467873391,1,1,1
8,Albania,2017.9150685,0.066680069,0.010688213,0.055991857,2017.693151,2018.136986,0,DHS,UW,,,,,0,0.033307096,DHS,FALSE,FALSE,0.157876687,0.269717084,0.148591814,1,1,1
8,Albania,2009.0373305,0.065647526,0.025547011,0.040100515,2008.748634,2009.326027,0,DHS,UW,,,,,0,0.011812904,DHS,FALSE,FALSE,0.143827605,0.165376421,0.271651625,1,1,1
8,Albania,2002.789041,0.044355658,0.010863741,0.033491917,2002.580822,2002.99726,?,Other,UW,,,,,0,NA,Other,FALSE,FALSE,NA,NA,NA,0,0,0
8,Albania,2005.830137,0.013760513,0.010946408,0.002814105,2005.747945,2005.912329,0,MICS,UW,,,,,0,NA,Other,FALSE,FALSE,0.458163419,0.259430376,NaN,1,1,0
466,Mali,2015.6753425000002,0.12266755,0.118205357,0.004462194,2015.547945,2015.80274,0,MICS,UW,,,,,0,0.092844698,Other,FALSE,FALSE,NA,NA,NA,0,0,0
466,Mali,2006.6630135,0.031702113,0.026198301,0.005503812,2006.328767,2006.99726,0,DHS,UW,,,,,0,NA,DHS,FALSE,FALSE,0.363864496,0.17288501,0.159697185,1,1,1
466,Mali,2009.5,0.073343212,0.067013766,0.006329446,2009,2010,0,MICS,UW,,,,,1,NA,Other,FALSE,FALSE,NA,NA,NA,0,0,0
466,Mali,2018.7369865,0.114961011,0.109783627,0.005177384,2018.594521,2018.879452,0,DHS,UW,,,,,0,0.09005205,DHS,FALSE,FALSE,0.360877989,0.133969419,0.104774854,1,1,1
466,Mali,1996.1227225,0.145121171,0.081344969,0.063776202,1995.832877,1996.412568,0,DHS,UW,,,,,0,0.103450936,DHS,FALSE,FALSE,0.133844819,0.121268864,0.10781488,1,1,1
466,Mali,2001.2054795,0.101938051,0.065609511,0.03632854,2001,2001.410959,0,DHS,UW,,,,,0,0.103311202,DHS,FALSE,FALSE,0.176842654,0.118281053,0.105336362,1,1,1
466,Mali,2012.981005,0.080571984,0.077863154,0.00270883,2012.86612,2013.09589,0,DHS,UW,,,,,0,0.085418554,DHS,FALSE,FALSE,0.439776195,0.147660096,0.183691817,1,1,1
466,Mali,1987.412329,0.033973865,0.00688005,0.027093815,1987.161644,1987.663014,0,DHS,UW,,,,,0,NA,DHS,FALSE,FALSE,NA,NA,NA,0,0,0
404,Kenya,2017.9150685,0.238347423,0.228960084,0.009387339,2017.832877,2017.99726,0,PMA,UW,,,,,0,0.091073909,Other,FALSE,FALSE,0.277627052,0.090067959,0.11144379,1,1,1
404,Kenya,2018.9150685,0.226072294,0.219266472,0.006805821,2018.832877,2018.99726,0,PMA,UW,,,,,0,0.081808062,Other,FALSE,FALSE,0.293712402,0.075995855,0.089788826,1,1,1
404,Kenya,2015.9150685,0.242080127,0.231443182,0.010636944,2015.832877,2015.99726,0,PMA,UW,,,,,0,0.087277326,Other,FALSE,FALSE,0.283832065,0.113354116,0.10744682,1,1,1
404,Kenya,2014.579452,0.198310242,0.182787792,0.01552245,2014.328767,2014.830137,0,DHS,UW,,,,,0,0.058704659,DHS,FALSE,FALSE,NA,NA,NA,0,0,0
404,Kenya,2014.9150685,0.165431279,0.163716486,0.001714793,2014.832877,2014.99726,0,PMA,UW,,,,,1,0.088483965,Other,FALSE,FALSE,0.543659975,0.105142974,0.112522698,1,1,1
404,Kenya,2015.4958904999999,0.254935079,0.251431605,0.003503474,2015.413699,2015.578082,0,PMA,UW,,,,,0,0.119993004,Other,FALSE,FALSE,0.403825869,0.116727698,0.171641377,1,1,1
404,Kenya,1984,0.102884363,0.043214921,0.059669442,1984,1984,0,Other,UW,,,,,0,NA,Other,FALSE,FALSE,NA,NA,NA,0,0,0
404,Kenya,2003.49589,0.119009345,0.094799937,0.024209408,2003.246575,2003.745205,0,DHS,UW,,,,,0,0.07539507,DHS,FALSE,FALSE,0.119988721,0.081657859,0.076405410000000007,1,1,1
404,Kenya,2014.5260269999999,0.193901481,0.192901481,0.001,2014.49589,2014.556164,0,PMA,UW,,,,,1,0.09744117,Other,TRUE,FALSE,1.003018828,0.089810592,0.143704245,1,1,1
404,Kenya,1989.16313,0.156610257,0.08248235,0.074127907,1988.915301,1989.410959,0,DHS,UW,,,,,0,NA,DHS,FALSE,FALSE,NA,NA,NA,0,0,0
404,Kenya,2008.9961185,0.131951072,0.118604387,0.013346685,2008.833333,2009.158904,0,DHS,UW,,,,,0,0.071746739,DHS,FALSE,FALSE,0.209007424,0.074714632,0.09228046,1,1,1
404,Kenya,1993.373973,0.149630931,0.101725195,0.047905736,1993.084932,1993.663014,0,DHS,UW,,,,,0,0.057932285,DHS,FALSE,FALSE,0.099985524,0.079569839,0.08847444,1,1,1
404,Kenya,2016.9153005,0.222922582,0.214974204,0.007948378,2016.833333,2016.997268,0,PMA,UW,,,,,0,0.095076452,Other,FALSE,FALSE,0.248431505,0.074153777,0.091499144,1,1,1
404,Kenya,1998.3315069999999,0.154539923,0.111267902,0.043272021,1998.084932,1998.578082,0,DHS,UW,,,,,0,0.097520246,DHS,FALSE,FALSE,0.10061236,0.07127109,0.077516073,1,1,1
231,Ethiopia,2014.121918,0.065412595,0.064184252,0.001228343,2014,2014.243836,0,PMA,UW,,,,,0,0.038921987,Other,FALSE,FALSE,0.457010855,0.116871412,0.34331316,1,1,1
231,Ethiopia,2000.2486334999999,0.021303891,0.018010529,0.003293362,2000.084699,2000.412568,0,DHS,UW,,,,,0,0.038119894,DHS,FALSE,FALSE,0.193435758,0.156252862,0.107574723,1,1,1
231,Ethiopia,2017.327397,0.069382863,0.066606667,0.002776196,2017.246575,2017.408219,0,PMA,UW,,,,,0,0.033321521,Other,FALSE,FALSE,0.356978069,0.135924513,0.208870041,1,1,1
231,Ethiopia,2018.4958904999999,0.065834394,0.063321373,0.002513021,2018.413699,2018.578082,0,PMA,UW,,,,,0,0.0226485,Other,FALSE,FALSE,0.328538482,0.124158634,0.172835179,1,1,1
231,Ethiopia,2016.247268,0.055978052,0.054086711,0.001891341,2016,2016.494536,0,DHS,UW,,,,,0,0.018569465,DHS,FALSE,FALSE,0.329477178,0.093192295,0.161698801,1,1,1
231,Ethiopia,2014.1753425000002,0.055815385,0.053714123,0.002101262,2014.024658,2014.326027,0,NS,UW,,,,,0,NA,Other,FALSE,FALSE,NA,NA,NA,0,0,0
231,Ethiopia,2011.1630135,0.046559578,0.04424621,0.002313369,2010.915068,2011.410959,0,DHS,UW,,,,,0,0.022796266,DHS,FALSE,FALSE,0.357236764,0.113549623,0.118679278,1,1,1
231,Ethiopia,2005.4547945,0.02385381,0.020140787,0.003713023,2005.246575,2005.663014,0,DHS,UW,,,,,0,0.021522666,DHS,FALSE,FALSE,0.281733108,0.141651964,0.143977697,1,1,1
231,Ethiopia,2016.2459015,0.077256472,0.073956925,0.003299547,2016.163934,2016.327869,0,PMA,UW,,,,,0,0.02446115,Other,FALSE,FALSE,0.411783133,0.117558399,0.154255466,1,1,1
231,Ethiopia,2015.328767,0.073579303,0.071953668,0.001625635,2015.246575,2015.410959,0,PMA,UW,,,,,0,0.023860017,Other,FALSE,FALSE,0.411157391,0.118745243,0.176149794,1,1,1
231,Ethiopia,2014.8726025,0.045780542,0.044765889,0.001014653,2014.747945,2014.99726,0,PMA,UW,,,,,0,0.023766961,Other,FALSE,FALSE,0.623330733,0.128753932,0.243909027,1,1,1
748,Eswatini,1988.8811665,0.069601289,0.046388582,0.023212707,1988.748634,1989.013699,0,Other,UW,,,,,0,NA,Other,FALSE,FALSE,NA,NA,NA,0,0,0
748,Eswatini,2010.7575345,0.386127725,0.377889466,0.008238259,2010.610959,2010.90411,0,MICS,UW,,,,,1,NA,Other,FALSE,FALSE,0.259236368,0.04517456,0.090143972,1,1,1
748,Eswatini,2014.6630135,0.413243352,0.412243352,0.001,2014.49589,2014.830137,0,MICS,UW,,,,,1,0.068682524,Other,TRUE,FALSE,0.586017432,0.058804551,0.081572145,1,1,1
748,Eswatini,2006.827397,0.288766836,0.282801946,0.00596489,2006.49589,2007.158904,0,DHS,UW,,,,,0,0.107614304,DHS,FALSE,FALSE,0.261874213,0.054261128,0.07276604,1,1,1
716,Zimbabwe,1994.7041095,0.140629626,0.131137008,0.009492618,1994.49589,1994.912329,0,DHS,UW,,,,,0,0.066985143,DHS,FALSE,FALSE,0.222315401,0.084820767,0.092503806,1,1,1
716,Zimbabwe,2015.7465750000001,0.190155764,0.188406621,0.001749143,2015.49589,2015.99726,0,DHS,UW,,,,,0,0.039071866,DHS,FALSE,FALSE,0.488089053,0.059226093,0.095202486,1,1,1
716,Zimbabwe,2014.2041100000001,0.195094403,0.193422009,0.001672394,2014.123288,2014.284932,0,MICS,UW,,,,,1,0.054332108,Other,FALSE,FALSE,0.352580377,0.04590807,0.069519415,1,1,1
716,Zimbabwe,1999.8315065000002,0.127879519,0.123702217,0.004177302,1999.665753,1999.99726,0,DHS,UW,,,,,0,0.048019586,DHS,FALSE,FALSE,0.309917142,0.078420215,0.098512581,1,1,1
716,Zimbabwe,1988.8744295000001,0.136713736,0.120667522,0.016046213,1988.666667,1989.082192,0,DHS,UW,,,,,0,NA,DHS,FALSE,FALSE,NA,NA,NA,0,0,0
716,Zimbabwe,2005.869863,0.12688465,0.125623488,0.001261162,2005.580822,2006.158904,0,DHS,UW,,,,,0,0.032876679,DHS,FALSE,FALSE,0.475748408,0.064971641,0.111827368,1,1,1
716,Zimbabwe,2009.3534245,0.125356373,0.122726229,0.002630144,2009.29863,2009.408219,0,MICS,UW,,,,,1,NA,Other,FALSE,FALSE,0.313378852,0.059733185,NaN,1,1,0
716,Zimbabwe,2010.9547945,0.130852488,0.129852488,0.001,2010.665753,2011.243836,0,DHS,UW,,,,,0,0.050500657,DHS,TRUE,FALSE,0.775161884,0.060515442,0.083275868,1,1,1
686,Senegal,2014.4150685,0.047406407,0.044592822,0.002813585,2014,2014.830137,0,DHS,UW,,,,,0,0.027568447,DHS,FALSE,FALSE,0.537992768,0.162061111,0.161313224,1,1,1
686,Senegal,2017.6219175,0.053815347,0.051107091,0.002708256,2017.246575,2017.99726,0,DHS,UW,,,,,0,0.021831829,DHS,FALSE,FALSE,NA,NA,NA,0,0,0
686,Senegal,1997.1630135,0.06218105,0.046324087,0.015856962,1997,1997.326027,0,DHS,UW,,,,,0,0.032303099,DHS,FALSE,FALSE,0.184765071,0.144445084,0.129115321,1,1,1
686,Senegal,2005.2479455,0.021695463,0.020256863,0.0014386,2005.084932,2005.410959,0,DHS,UW,,,,,0,0.018599531,DHS,FALSE,FALSE,0.514201625,0.177838054,0.140554675,1,1,1
686,Senegal,2015.4150685,0.050063692,0.046309342,0.00375435,2015,2015.830137,0,DHS,UW,,,,,0,0.024201613,DHS,FALSE,FALSE,0.434101273,0.135940533,0.155152015,1,1,1
686,Senegal,2011.036986,0.027259643,0.025837053,0.00142259,2010.747945,2011.326027,0,DHS,UW,,,,,0,0.031428677,DHS,FALSE,FALSE,0.289460052,0.127710393,0.120489403,1,1,1
686,Senegal,1986.4123285,0.055238095,0.035238095,0.02,1986.246575,1986.578082,0,DHS,UW,,,,,0,NA,DHS,FALSE,FALSE,NA,NA,NA,0,0,0
686,Senegal,1999.8726025,0.059138207,0.048368018,0.010770189,1999.747945,1999.99726,0,DHS,UW,,,Including folk methods.,,0,NA,DHS,FALSE,FALSE,NA,NA,NA,0,0,0
686,Senegal,2016.4153004999998,0.038295398,0.037295398,0.001,2016,2016.830601,0,DHS,UW,,,,,0,0.012961183,DHS,TRUE,FALSE,0.580976709,0.158875191,0.161387886,1,1,1
686,Senegal,2013.079909,0.031893841,0.02866196,0.003231881,2012.666667,2013.493151,0,DHS,UW,,,,,0,0.021681002,DHS,FALSE,FALSE,0.475435231,0.139249019,0.155524225,1,1,1
686,Senegal,1993.2481735000001,0.060215054,0.039247312,0.020967742,1992.833333,1993.663014,0,DHS,UW,,,,,0,0.043548387,DHS,FALSE,FALSE,0.167175758,0.13493323,0.131269788,1,1,1
174,Comoros,2012.7896175,0.046595797,0.030616478,0.015979319,2012.581967,2012.997268,0,DHS,UW,,,,,0,0.02011018,DHS,FALSE,FALSE,0.249351391,0.211019697,0.175913702,1,1,1
174,Comoros,2000.8224045000002,0.100757237,0.081856415,0.018900822,2000.759563,2000.885246,0,MICS,UW,,,,,0,NA,Other,FALSE,FALSE,0.228179264,0.156744431,NaN,1,1,0
174,Comoros,1996.288251,0.05579096,0.036016949,0.019774011,1996.163934,1996.412568,0,DHS,UW,,,,,0,0.029661017,DHS,FALSE,FALSE,0.265262587,0.209592238,0.154470701,1,1,1
450,Madagascar,2012.5,0.200119026,0.152080252,0.048038774,2012,2013,0,NS,UW,,,,,0,NA,Other,FALSE,FALSE,NA,NA,NA,0,0,0
450,Madagascar,2009.2481735000001,0.129746123,0.090367737,0.039378386,2008.833333,2009.663014,0,DHS,UW,,,,,0,0.080070823,DHS,FALSE,FALSE,0.088430969,0.064968689,0.069672579,1,1,1
450,Madagascar,1997.8315065000002,0.101912338,0.032580499,0.069331839,1997.665753,1997.99726,0,DHS,UW,,,,,0,0.108858091,DHS,FALSE,FALSE,0.087520079,0.139024107,0.070711767,1,1,1
450,Madagascar,2017.5273975,0.258608286,0.201018832,0.057589454,2017.454795,2017.6,0,NS,UW,,,,,0,NA,Other,FALSE,FALSE,NA,NA,NA,0,0,0
450,Madagascar,2018,0.230231615,0.204443546,0.025788069,2018,2018,0,MICS,UW,,,,,0,0.108047885,Other,FALSE,FALSE,NA,NA,NA,0,0,0
450,Madagascar,1992.6215845,0.083264888,0.010476503,0.072788385,1992.330601,1992.912568,0,DHS,UW,,,,,0,NA,DHS,FALSE,FALSE,0.091162586,0.19054195,NaN,1,1,0
450,Madagascar,2004.0393895,0.115235942,0.062567283,0.052668659,2003.832877,2004.245902,0,DHS,UW,,,,,0,0.082313031,DHS,FALSE,FALSE,0.161153224,0.106929466,0.098896388,1,1,1
178,Congo,2005.7041095,0.43893483,0.146111712,0.292823119,2005.49589,2005.912329,0,DHS,UW,,,,,0,0.087295155,DHS,FALSE,FALSE,0.060694058,0.078581484,0.083277606,1,1,1
178,Congo,2011.9134775,0.437994915,0.254849669,0.183145246,2011.665753,2012.161202,0,DHS,UW,,,,,0,0.086675673,DHS,FALSE,FALSE,NA,NA,NA,0,0,0
178,Congo,2014.9958904999999,0.290330103,0.212616177,0.077713926,2014.832877,2015.158904,0,MICS,UW,,,,,0,0.142833717,Other,FALSE,FALSE,NA,NA,NA,0,0,0
170,Colombia,2015.665417,0.415138033,0.39933045,0.015807584,2015.084932,2016.245902,0,DHS,UW,,,,,0,0.043430774,DHS,FALSE,FALSE,0.097973951,0.0327305,0.054550177,1,1,1
170,Colombia,2010.372603,0.359714456,0.340116979,0.019597477,2009.832877,2010.912329,0,DHS,UW,,,,,0,0.042652386,DHS,FALSE,FALSE,0.061979449,0.01922792,0.040382807,1,1,1
170,Colombia,2005.1208925,0.289700037,0.256935376,0.032764662,2004.748634,2005.493151,0,DHS,UW,,,,,0,0.04364385,DHS,FALSE,FALSE,0.051409692,0.02539445,0.077724173,1,1,1
170,Colombia,1995.3273975,0.188763109,0.154644527,0.034118581,1995.161644,1995.493151,0,DHS,UW,,,,,0,0.034917657,DHS,FALSE,FALSE,0.085240892,0.0423259,0.078626374,1,1,1
170,Colombia,2000.2896175,0.274588943,0.226662028,0.047926915,2000.084699,2000.494536,0,DHS,UW,,,,,0,0.037540146,DHS,FALSE,FALSE,0.066634628,0.037385773,0.074342335,1,1,1
170,Colombia,1990.4958904999999,0.110933658,0.092580848,0.01835281,1990.328767,1990.663014,0,DHS,UW,,,,,0,0.016680268,DHS,FALSE,FALSE,0.172909908,0.078451519,0.148851121,1,1,1
170,Colombia,1986.8315065000002,0.091955214,0.083404632,0.008550582,1986.665753,1986.99726,0,DHS,UW,,,,,0,NA,DHS,FALSE,FALSE,NA,NA,NA,0,0,0
646,Rwanda,1992.6229509999998,0.037204635,0.025826336,0.011378298,1992.415301,1992.830601,0,DHS,UW,,,,,0,0.036586927,DHS,FALSE,FALSE,0.188700712,0.115694558,0.10759595,1,1,1
646,Rwanda,2000.5396175,0.018845624,0.011890653,0.006954971,2000.415301,2000.663934,0,DHS,UW,,,,,0,0.031955638,DHS,FALSE,FALSE,0.182045044,0.151090483,0.081133079,1,1,1
646,Rwanda,2015.079452,0.069124988,0.066006084,0.003118904,2014.832877,2015.326027,0,DHS,UW,,,,,0,0.057157804,DHS,FALSE,FALSE,0.236254365,0.057625616,0.053970565,1,1,1
646,Rwanda,2005.3315069999999,0.021776057,0.012382602,0.009393454,2005.084932,2005.578082,0,DHS,UW,,,,,0,0.041999343,DHS,FALSE,FALSE,0.146609779,0.120842554,0.073066708,1,1,1
646,Rwanda,2010.9547945,0.052409287,0.049432899,0.002976389,2010.665753,2011.243836,0,DHS,UW,,,,,0,0.045179011,DHS,FALSE,FALSE,0.234033954,0.06409207,0.065320141,1,1,1
646,Rwanda,2008.1214685,0.098307623,0.03518003,0.063127594,2007.915068,2008.327869,0,NS,UW,,,,,0,NA,Other,FALSE,FALSE,0.174354911,0.115893149,NaN,1,1,0
144,Sri Lanka,1987.121918,0.0102,0.0092,0.001,1987,1987.243836,0,DHS,UW,,,,,0,NA,DHS,TRUE,FALSE,NA,NA,NA,0,0,0
710,South Africa,1998.3726025,0.454103006,0.449341813,0.004761193,1998,1998.745205,0,DHS,UW,,,,,0,0.087431982,DHS,FALSE,FALSE,0.20289162,0.035172461,0.05393133,1,1,1
710,South Africa,2004.2059395000001,0.444303673,0.443303673,0.001,2003.747945,2004.663934,0,DHS,UW,,,,,0,NA,DHS,TRUE,FALSE,NA,NA,NA,0,0,0
710,South Africa,2016.6598359999998,0.445515688,0.444414233,0.001101455,2016.478142,2016.84153,0,DHS,UW,,,,,0,0.102843768,DHS,FALSE,FALSE,0.447175735,0.042743343,0.062123004,1,1,1
400,Jordan,2012.8319675,0.002,0.001,0.001,2012.666667,2012.997268,0,DHS,UW,,,,,0,NA,DHS,TRUE,TRUE,NaN,0.513953902,NaN,0,1,0
400,Jordan,2009.8726025,0.00429,0.00329,0.001,2009.747945,2009.99726,0,NS,FM,,,,-,0,NA,Other,TRUE,TRUE,NaN,0.543990565,NaN,0,1,0
400,Jordan,1997.6219179999998,0.0026,0.0016,0.001,1997.413699,1997.830137,0,DHS,FM,,,,-,0,NA,DHS,TRUE,TRUE,NaN,0.394802954,NaN,0,1,0
400,Jordan,2007.663014,0.00203,0.00103,0.001,2007.413699,2007.912329,0,DHS,UW,,,Including folk methods.,,0,NA,DHS,TRUE,TRUE,0.890749056,0.279863378,NaN,1,1,0
400,Jordan,2002.6205475,0.00252,0.00152,0.001,2002.49589,2002.745205,0,DHS,FM,,,,-,0,NA,DHS,TRUE,TRUE,NaN,0.60204472,NaN,0,1,0
400,Jordan,1990.8726025,0.00267,0.00167,0.001,1990.747945,1990.99726,0,DHS,FM,,,,-,0,NA,DHS,TRUE,TRUE,NaN,0.38994541,NaN,0,1,0
140,Central African Republic,2010.7438355,0.086709769,0.059028698,0.027681071,2010.471233,2011.016438,0,MICS,UW,,,,,1,NA,Other,FALSE,FALSE,0.22767088,0.198472759,0.108208751,1,1,1
140,Central African Republic,1994.9547945,0.124987559,0.040021719,0.08496584,1994.665753,1995.243836,0,DHS,UW,,,,,0,0.085417312,DHS,FALSE,FALSE,0.114619905,0.124908237,0.089464128,1,1,1
484,Mexico,2009.5082189999998,0.19588785,0.189792079,0.006095771,2009.49589,2009.520548,0,NS,UW,,,,,0,NA,Other,FALSE,FALSE,NA,NA,NA,0,0,0
484,Mexico,2018.6863015,0.2692424,0.2636065,0.0056359,2018.613699,2018.758904,0,NS,UW,,,,,0,NA,Other,FALSE,FALSE,NA,NA,NA,0,0,0
484,Mexico,2015.8287675,0.288276925,0.278598572,0.009678353,2015.70411,2015.953425,0,MICS,UW,,,,,1,0.086293434,Other,FALSE,FALSE,0.315282299,0.06765219,0.095577532,1,1,1
484,Mexico,1987.2479455,0.048258042,0.045486219,0.002771823,1987.084932,1987.410959,0,DHS,UW,,,,,0,NA,DHS,FALSE,FALSE,NA,NA,NA,0,0,0
266,Gabon,2012.2062839999999,0.364035008,0.290939263,0.073095745,2012,2012.412568,0,DHS,UW,,,,,0,0.143188867,DHS,FALSE,FALSE,NA,NA,NA,0,0,0
266,Gabon,2000.78973,0.389216124,0.180131544,0.20908458,2000.497268,2001.082192,0,DHS,UW,,,,,0,0.134004913,DHS,FALSE,FALSE,0.056375113,0.075155141,0.072708335,1,1,1
324,Guinea,1999.4534245,0.138796279,0.078600747,0.060195531,1999.328767,1999.578082,0,DHS,UW,,,,,0,0.07982944,DHS,FALSE,FALSE,0.137702339,0.113529257,0.107751906,1,1,1
324,Guinea,2005.2890415,0.155956389,0.11218567,0.043770719,2005.084932,2005.493151,0,DHS,UW,,,,,0,0.096808161,DHS,FALSE,FALSE,0.169757992,0.117286378,0.094803461,1,1,1
324,Guinea,2016,0.120728372,0.103292076,0.017436296,2016,2016,0,MICS,UW,,,,,1,NA,Other,FALSE,FALSE,NA,NA,NA,0,0,0
324,Guinea,1992.454918,0.079332991,0.050347508,0.028985483,1992.330601,1992.579235,0,DHS,UW,,,,,0,NA,DHS,FALSE,FALSE,NA,NA,NA,0,0,0
324,Guinea,2012.6229509999998,0.16626924,0.137346687,0.028922554,2012.415301,2012.830601,0,DHS,UW,,,,,0,0.101500417,DHS,FALSE,FALSE,0.161565537,0.090048856,0.088875943,1,1,1
780,Trinidad and Tobago,1987.4958904999999,0.036164844,0.029436501,0.006728343,1987.328767,1987.663014,0,DHS,UW,,,,,0,NA,DHS,FALSE,FALSE,NA,NA,NA,0,0,0
780,Trinidad and Tobago,2000.1639344999999,0.10698299,0.083258729,0.023724261,2000.120219,2000.20765,0,MICS,UW,,,,,0,NA,Other,FALSE,FALSE,0.072269934,0.076613766,NaN,1,1,0
780,Trinidad and Tobago,2006.368493,0.19504925,0.158437906,0.036611344,2006.29863,2006.438356,0,MICS,UW,,,,,1,NA,Other,FALSE,FALSE,0.179847425,0.062163767,NaN,1,1,0
780,Trinidad and Tobago,2011.8260275,0.248124339,0.221407482,0.026716857,2011.810959,2011.841096,0,MICS,UW,,,,,1,NA,Other,FALSE,FALSE,NA,NA,NA,0,0,0
566,Nigeria,2012.747268,0.125356706,0.108030982,0.017325724,2012.497268,2012.997268,0,NS,UW,,,,,0,NA,Other,FALSE,FALSE,NA,NA,NA,0,0,0
566,Nigeria,2016.4125685,0.149592996,0.123806895,0.025786101,2016.330601,2016.494536,0,PMA,UW,Sampling design might not be representative for the whole country.,,,,0,0.077687518,Other,FALSE,FALSE,0.197828174,0.087085647,0.123135763,1,1,1
566,Nigeria,2016.8744295000001,0.078702302,0.066091932,0.01261037,2016.666667,2017.082192,0,MICS,UW,,,,,1,NA,Other,FALSE,FALSE,NA,NA,NA,0,0,0
566,Nigeria,2017.327397,0.156866783,0.12478436,0.032082423,2017.246575,2017.408219,0,PMA,UW,Sampling design might not be representative for the whole country.,,,,0,0.068892577,Other,FALSE,FALSE,0.184247951,0.114299734,0.121136347,1,1,1
566,Nigeria,2007.2232880000001,0.143775208,0.123718262,0.020056946,2007.161644,2007.284932,0,MICS,UW,,,,,1,NA,Other,FALSE,FALSE,0.12391123,0.062263466,NaN,1,1,0
566,Nigeria,2003.412329,0.148841391,0.105155908,0.043685483,2003.161644,2003.663014,0,DHS,UW,,,,,0,0.07813553,DHS,FALSE,FALSE,0.194868575,0.086003291,0.130164025,1,1,1
566,Nigeria,2018.8041094999999,0.089333838,0.070220926,0.019112913,2018.616438,2018.991781,0,DHS,UW,,,,,0,0.067225359,DHS,FALSE,FALSE,0.094684726,0.055412954,0.046079652,1,1,1
566,Nigeria,2013.2890415,0.180812961,0.145701625,0.035111336,2013.084932,2013.493151,0,DHS,UW,,,,,0,0.043115027,DHS,FALSE,FALSE,0.070910728,0.042420436,0.064584,1,1,1
566,Nigeria,2008.6229509999998,0.174645536,0.124262846,0.05038269,2008.415301,2008.830601,0,DHS,UW,,,,,0,0.062018374,DHS,FALSE,FALSE,0.062310541,0.044716247,0.050295073,1,1,1
566,Nigeria,2011.1643840000002,0.200153226,0.15050573,0.049647495,2011.084932,2011.243836,0,MICS,UW,,,,,1,NA,Other,FALSE,FALSE,0.089307968,0.058767967,0.055203579,1,1,1
566,Nigeria,1990.538356,0.130499413,0.045035664,0.085463749,1990.246575,1990.830137,0,DHS,UW,,,,,0,0.011888339,DHS,FALSE,FALSE,0.130055189,0.146763114,0.256123652,1,1,1
566,Nigeria,1999.2863015,0.101277685,0.059328675,0.04194901,1999.161644,1999.410959,0,DHS,UW,,,,,0,0.037365783,DHS,FALSE,FALSE,0.099769772,0.092246406,0.09971608,1,1,1
566,Nigeria,2018.327397,0.181904202,0.149558216,0.032345987,2018.246575,2018.408219,0,PMA,UW,Sampling design might not be representative for the whole country.,,,,0,0.058007125,Other,FALSE,FALSE,0.112078637,0.09210498,0.134146218,1,1,1
792,Turkey,1993.7054795,0.00241,0.00141,0.001,1993.580822,1993.830137,0,DHS,FM,,,,-,0,NA,DHS,TRUE,TRUE,NaN,0.461597684,NaN,0,1,0
792,Turkey,2018.941096,0.03,0.026,0.004,2018.772603,2019.109589,0,NS,UW,,,,,0,NA,Other,FALSE,FALSE,NA,NA,NA,0,0,0
792,Turkey,2013.8767125,0.023595817,0.021904715,0.001691102,2013.70411,2014.049315,0,NS,UW,,,,,0,NA,Other,FALSE,FALSE,0,0,0,1,1,1
792,Turkey,2004.163818,0.00388,0.00288,0.001,2003.915068,2004.412568,0,DHS,FM,,,,-,0,NA,DHS,TRUE,TRUE,NaN,0.293759358,NaN,0,1,0
508,Mozambique,2011.663014,0.138041164,0.136514002,0.001527162,2011.413699,2011.912329,0,DHS,UW,,,,,0,0.141055276,DHS,FALSE,FALSE,0.32472968,0.058153703,0.051314646,1,1,1
508,Mozambique,2008.7472675,0.179945175,0.173221406,0.006723769,2008.581967,2008.912568,0,MICS,UW,,,,,1,NA,Other,FALSE,FALSE,0.247567444,0.057814582,NaN,1,1,0
508,Mozambique,2003.8313945,0.257953557,0.235757936,0.022195622,2003.580822,2004.081967,0,DHS,UW,,,,,0,0.111930282,DHS,FALSE,FALSE,0.124619429,0.06142479,0.086930946,1,1,1
508,Mozambique,1997.369863,0.072678836,0.06204506,0.010633776,1997.161644,1997.578082,0,DHS,UW,,,,,0,0.147198495,DHS,FALSE,FALSE,0.318937229,0.149237662,0.109211457,1,1,1
508,Mozambique,2015.579452,0.27982766,0.264770213,0.015057447,2015.328767,2015.830137,0,NS,UW,,,,,1,0.107412766,Other,FALSE,FALSE,NA,NA,NA,0,0,0
558,Nicaragua,2001.8315065000002,0.152318446,0.147198238,0.005120208,2001.665753,2001.99726,0,DHS,UW,,,,,0,0.040063736,DHS,FALSE,FALSE,0.289723199,0.053533399,0.091089064,1,1,1
558,Nicaragua,1998.1630135,0.127830439,0.124264566,0.003565873,1997.915068,1998.410959,0,DHS,UW,,,,,0,0.032266857,DHS,FALSE,FALSE,0.278042748,0.054548773,0.090535235,1,1,1
558,Nicaragua,2006.9958900000001,0.187585542,0.178468972,0.00911657,2006.665753,2007.326027,0,Other,UW,,,,,0,0.03168208,Other,FALSE,FALSE,NA,NA,NA,0,0,0
558,Nicaragua,2012.1604014999998,0.069577338,0.068577338,0.001,2011.413699,2012.907104,0,NS,UW,,,,,0,NA,Other,TRUE,FALSE,NA,NA,NA,0,0,0
558,Nicaragua,1992.9783029999999,0.113906374,0.112755165,0.001151209,1992.838798,1993.117808,0,Other,UW,,,,,1,NA,Other,FALSE,FALSE,NA,NA,NA,0,0,0
332,Haiti,1994.789041,0.044189027,0.029299012,0.014890016,1994.49589,1995.082192,0,DHS,UW,,,,,0,NA,DHS,FALSE,FALSE,0.190491068,0.141121934,NaN,1,1,0
332,Haiti,2006.1205479999999,0.098569629,0.080851831,0.017717798,2005.747945,2006.493151,0,DHS,UW,,,,,0,0.06722576,DHS,FALSE,FALSE,0.181633582,0.112115498,0.08338288,1,1,1
332,Haiti,2012.247268,0.105487362,0.099469532,0.00601783,2012,2012.494536,0,DHS,UW,,,,,0,0.096599496000000007,DHS,FALSE,FALSE,0.191934666,0.070043724,0.059329505,1,1,1
332,Haiti,2017.07968,0.13225005,0.121181093,0.011068956,2016.833333,2017.326027,0,DHS,UW,,,,,0,0.111104767,DHS,FALSE,FALSE,NA,NA,NA,0,0,0
332,Haiti,2000.331967,0.070038135,0.057540846,0.012497289,2000.084699,2000.579235,0,DHS,UW,,,,,0,0.059392515,DHS,FALSE,FALSE,0.203310029,0.112198079,0.101865152,1,1,1
332,Haiti,1989.747945,0.007,0.003,0.004,1989.665753,1989.830137,0,Other,UW,,,,,0,NA,Other,FALSE,TRUE,NA,NA,NA,0,0,0
68,Bolivia (Plurinational State of),1998.4534245,0.06587294,0.036627968,0.029244973,1998.161644,1998.745205,0,DHS,UW,,,,,0,0.030097047,DHS,FALSE,FALSE,0.108157423,0.107835863,0.104081041,1,1,1
68,Bolivia (Plurinational State of),2003.8313945,0.108340689,0.069501425,0.038839264,2003.580822,2004.081967,0,DHS,UW,,,,,0,0.048801683,DHS,FALSE,FALSE,0.088175753,0.064102959,0.066616684,1,1,1
68,Bolivia (Plurinational State of),2016.540984,0.151471721,0.123047864,0.028423856,2016.336066,2016.745902,0,NS,UW,,,,,0,NA,Other,FALSE,FALSE,NA,NA,NA,0,0,0
68,Bolivia (Plurinational State of),2008.2896175,0.126591407,0.080826937,0.04576447,2008.084699,2008.494536,0,DHS,UW,,,,,0,0.044433142,DHS,FALSE,FALSE,0.070801898,0.066067067,0.076149685,1,1,1
68,Bolivia (Plurinational State of),1989.369863,0.02613533,0.010362519,0.015772811,1989.161644,1989.578082,0,DHS,UW,,,,,0,NA,DHS,FALSE,FALSE,NA,NA,NA,0,0,0
68,Bolivia (Plurinational State of),1994.121918,0.053435838,0.02262635,0.030809488,1993.832877,1994.410959,0,DHS,UW,,,,,0,0.033514617,DHS,FALSE,FALSE,0.118570769,0.153291117,0.104114692,1,1,1
384,Cte dIvoire,1994.663014,0.26025029,0.08235339,0.1778969,1994.413699,1994.912329,0,DHS,UW,,,,,0,NA,DHS,FALSE,FALSE,0.074219237,0.085259376,NaN,1,1,0
384,Cte dIvoire,2012.163818,0.223659433,0.163459932,0.060199501,2011.915068,2012.412568,0,DHS,UW,,,,,0,0.17522068700000001,DHS,FALSE,FALSE,0.112280587,0.063370721,0.062281739,1,1,1
384,Cte dIvoire,2018.579452,0.281216427,0.231456941,0.049759486,2018.49589,2018.663014,0,PMA,UW,,,,,0,0.12882552,Other,FALSE,FALSE,0.26305339,0.100547989,0.155961507,1,1,1
384,Cte dIvoire,2016.5806010000001,0.173365318,0.152518038,0.02084728,2016.497268,2016.663934,0,MICS,UW,,,,,0,NA,Other,FALSE,FALSE,NA,NA,NA,0,0,0
384,Cte dIvoire,1998.9547945,0.296965478,0.138928768,0.15803671,1998.665753,1999.243836,0,DHS,UW,,,,,0,0.112539538,DHS,FALSE,FALSE,0.104766392,0.091578704,0.134239194,1,1,1
384,Cte dIvoire,2017.747945,0.303595736,0.271135577,0.032460159,2017.665753,2017.830137,0,PMA,UW,,,,,0,0.129555853,Other,FALSE,FALSE,0.328714907,0.153582236,0.151687823,1,1,1
384,Cte dIvoire,2006.7232875,0.233229638,0.193437557,0.039792081,2006.616438,2006.830137,0,MICS,UW,,,,,1,NA,Other,FALSE,FALSE,0.154428635,0.087714624,NaN,1,1,0
356,India,2006.2479455,0.067465411,0.066465411,0.001,2005.832877,2006.663014,0,DHS,UW,,,,,0,NA,DHS,TRUE,FALSE,NA,NA,NA,0,0,0
356,India,2015.987776,0.061324701,0.060324701,0.001,2015.052055,2016.923497,0,DHS,UW,,,,,0,4.85e-4,DHS,TRUE,FALSE,NA,NA,NA,0,0,0
795,Turkmenistan,2000.6639344999999,0.027088536,0.026088536,0.001,2000.497268,2000.830601,0,DHS,UW,,,,,0,NA,DHS,TRUE,FALSE,NA,NA,NA,0,0,0
50,Bangladesh,1994.0383565000002,0.01956,0.01856,0.001,1993.832877,1994.243836,0,DHS,FM,,,,-,0,NA,DHS,TRUE,FALSE,NaN,0.170074611,NaN,0,1,0
50,Bangladesh,2007.412329,0.01272,0.01172,0.001,2007.161644,2007.663014,0,DHS,FM,,,,-,0,NA,DHS,TRUE,FALSE,NaN,0.167976255,NaN,0,1,0
50,Bangladesh,2004.2062839999999,0.01285,0.01185,0.001,2004,2004.412568,0,DHS,FM,,,,-,0,NA,DHS,TRUE,FALSE,NaN,0.166350881,NaN,0,1,0
50,Bangladesh,1997.0385845,0.02129,0.02029,0.001,1996.833333,1997.243836,0,DHS,FM,,,,-,0,NA,DHS,TRUE,FALSE,NaN,0.166872366,NaN,0,1,0
50,Bangladesh,2000.0393895,0.01227,0.01127,0.001,1999.832877,2000.245902,0,DHS,FM,,,,-,0,NA,DHS,TRUE,FALSE,NaN,0.158804823,NaN,0,1,0
454,Malawi,1996.6229509999998,0.084120924,0.06380163,0.020319293,1996.415301,1996.830601,0,NS,UW,,,,,0,NA,Other,FALSE,FALSE,NA,NA,NA,0,0,0
454,Malawi,2014.0767125,0.18034559,0.178705578,0.001640013,2013.832877,2014.320548,0,MICS,UW,,,,,1,0.098926925,Other,FALSE,FALSE,0.388655701,0.042196849,0.047280403,1,1,1
454,Malawi,2015.9545735000002,0.205672728,0.203470477,0.00220225,2015.747945,2016.161202,0,DHS,UW,,,,,0,0.083419757,DHS,FALSE,FALSE,0.470437829,0.036311428,0.05101607,1,1,1
454,Malawi,2010.663014,0.132377905,0.127044978,0.005332927,2010.413699,2010.912329,0,DHS,UW,,,,,0,0.072167747,DHS,FALSE,FALSE,0.220525604,0.049411877,0.056019852,1,1,1
454,Malawi,1992.7896175,0.041979213,0.034828789,0.007150424,1992.666667,1992.912568,0,DHS,UW,,,,,0,0.076230093,DHS,FALSE,FALSE,0.366802916,0.165612076,0.128307799,1,1,1
454,Malawi,2000.704918,0.106645181,0.099520193,0.007124988,2000.497268,2000.912568,0,DHS,UW,,,,,0,0.097001671,DHS,FALSE,FALSE,0.198291117,0.067712681,0.067391131,1,1,1
454,Malawi,2004.9154130000002,0.089921335,0.082836141,0.007085194,2004.748634,2005.082192,0,DHS,UW,,,,,0,0.098690163,DHS,FALSE,FALSE,0.235114268,0.074696408,0.076100324,1,1,1
454,Malawi,2006.7027400000002,0.097883903,0.094299498,0.003584405,2006.534247,2006.871233,0,MICS,UW,,,,,1,NA,Other,FALSE,FALSE,0.24764691,0.050000837,NaN,1,1,0
232,Eritrea,2010.2739725,0.01135503,0.01035503,0.001,2010.035616,2010.512329,0,NS,UW,,,,,0,0.003,Other,TRUE,FALSE,NA,NA,NA,0,0,0
232,Eritrea,1995.8738600000001,0.017086663,0.011876914,0.005209749,1995.665753,1996.081967,0,DHS,UW,,,,,0,0.009018054,DHS,FALSE,FALSE,NA,NA,NA,0,0,0
232,Eritrea,2002.369863,0.014544894,0.013544894,0.001,2002.161644,2002.578082,0,DHS,UW,,,,,0,0.017794945,DHS,TRUE,FALSE,NA,NA,NA,0,0,0
608,Philippines,1996,0.006895855,0.005895855,0.001,1996,1996,0,NS,UW,,,,,1,NA,Other,TRUE,TRUE,NA,NA,NA,0,0,0
608,Philippines,2001,0.013489703,0.009993135,0.003496568,2001,2001,0,NS,UW,,,,,1,NA,Other,FALSE,FALSE,NA,NA,NA,0,0,0
608,Philippines,1993.2863015,0.008436234,0.007436234,0.001,1993.161644,1993.410959,0,DHS,UW,,,,,0,0.003185692,DHS,TRUE,TRUE,0.511426494,0.17617096,0.234316375,1,1,1
608,Philippines,1999,0.031880126,0.030877829,0.001002297,1999,1999,0,NS,UW,,,,,1,NA,Other,FALSE,FALSE,NA,NA,NA,0,0,0
608,Philippines,2003.579452,0.012982221,0.011034774,0.001947447,2003.413699,2003.745205,0,DHS,UW,,,,,0,0.010174463,DHS,FALSE,FALSE,0.38875053,0.140049683,0.138403441,1,1,1
608,Philippines,1997,0.054004016,0.051732584,0.002271432,1997,1997,0,NS,UW,,,,,1,NA,Other,FALSE,FALSE,NA,NA,NA,0,0,0
608,Philippines,2008.6639344999999,0.028252107,0.019255244,0.008996863,2008.581967,2008.745902,0,DHS,UW,,,,,0,0.015844659,DHS,FALSE,FALSE,0.195268278,0.132486303,0.119429634,1,1,1
608,Philippines,2013.6630135,0.035208676,0.022267965,0.012940711,2013.580822,2013.745205,0,DHS,UW,,,,,0,0.015983798,DHS,FALSE,FALSE,0.131164835,0.095806238,0.104936152,1,1,1
608,Philippines,2017.7054795,0.027727178,0.018585898,0.00914128,2017.580822,2017.830137,0,DHS,UW,,,,,0,0.01973673,DHS,FALSE,FALSE,NA,NA,NA,0,0,0
608,Philippines,2005,0.017003563,0.014152951,0.002850612,2005,2005,0,NS,UW,,,,,1,NA,Other,FALSE,FALSE,NA,NA,NA,0,0,0
608,Philippines,1995,0.00451354,0.003358105,0.001155434,1995,1995,0,NS,UW,,,,,1,NA,Other,FALSE,TRUE,NA,NA,NA,0,0,0
608,Philippines,1998.2054795,0.010886253,0.008962151,0.001924102,1998.084932,1998.326027,0,DHS,UW,,,,,0,0.006670088,DHS,FALSE,FALSE,0.333951271,0.164559785,0.186217601,1,1,1
608,Philippines,2004,0.018649821,0.016306219,0.002343602,2004,2004,0,NS,UW,,,,,1,NA,Other,FALSE,FALSE,NA,NA,NA,0,0,0
608,Philippines,2002,0.010534738,0.009534738,0.001,2002,2002,0,NS,UW,,,,,1,NA,Other,TRUE,FALSE,NA,NA,NA,0,0,0
51,Armenia,2000.872951,0.005850042,0.004850042,0.001,2000.748634,2000.997268,0,DHS,UW,,,,,0,NA,DHS,TRUE,TRUE,1.002175778,0.306984852,0.579407899,1,1,1
51,Armenia,2005.8315065000002,0.008489162,0.006526213,0.001962949,2005.665753,2005.99726,0,DHS,UW,,,,,0,0.005571968,DHS,FALSE,TRUE,0.530470213,0.354922773,0.493383455,1,1,1
51,Armenia,2010.8726025,0.007872158,0.006872158,0.001,2010.747945,2010.99726,0,DHS,UW,,,,,0,0.004651899,DHS,TRUE,TRUE,1.001530834,0.312741199,0.404742658,1,1,1
51,Armenia,2016.1214685,0.009465995,0.008465995,0.001,2015.915068,2016.327869,0,DHS,UW,,,,,0,NA,DHS,TRUE,TRUE,0.998627145,0.375876143,0.998246073,1,1,1
524,Nepal,2006.373973,0.0263003,0.0253003,0.001,2006.084932,2006.663014,0,DHS,UW,,,,,0,NA,DHS,TRUE,FALSE,1.00152243,0.154125743,NaN,1,1,0
524,Nepal,2016.7487465,0.016379316,0.015379316,0.001,2016.415301,2017.082192,0,DHS,UW,,,,,0,NA,DHS,TRUE,FALSE,0.714019802,0.188251738,1.001846414,1,1,1
524,Nepal,2014.2890415,0.011195219,0.010195219,0.001,2014.084932,2014.493151,0,MICS,UW,,,,,1,NA,Other,TRUE,FALSE,NaN,0.229672628,1.0006871449999999,0,1,1
524,Nepal,2011.2465754999998,0.021153579,0.020153579,0.001,2011,2011.493151,0,DHS,UW,,,,,0,0.001404907,DHS,TRUE,FALSE,0.998210369,0.165564652,0.434530889,1,1,1
76,Brazil,2007.1205479999999,0.449107769,0.439201754,0.009906015,2006.832877,2007.408219,0,NS,UW,,,,,0,NA,Other,FALSE,FALSE,NA,NA,NA,0,0,0
76,Brazil,1996.329235,0.231646798,0.219555342,0.012091456,1996.163934,1996.494536,0,DHS,UW,,,,,0,0.049892325,DHS,FALSE,FALSE,0.142030721,0.043038143,0.076690782,1,1,1
76,Brazil,2013,0.499753475,0.49313781,0.006615665,2013,2013,+,NS,UW,,,,,0,NA,Other,FALSE,FALSE,NA,NA,NA,0,0,0
76,Brazil,1986.4958904999999,0.115020549,0.097318851,0.017701699,1986.328767,1986.663014,?,DHS,UW,,,,,0,NA,DHS,FALSE,FALSE,NA,NA,NA,0,0,0
180,Democratic Republic of the Congo,2010.209589,0.134414599,0.054937817,0.079476782,2010.10411,2010.315068,0,MICS,UW,,,,,1,NA,Other,FALSE,FALSE,0.099310036,0.084732021,0.063080508,1,1,1
180,Democratic Republic of the Congo,1991,0.047958848,0.011360768,0.03659808,1991,1991,?,Other,UW,,,,,0,NA,Other,FALSE,FALSE,NA,NA,NA,0,0,0
180,Democratic Republic of the Congo,2001.5356165,0.228040831,0.069156992,0.158883839,2001.284932,2001.786301,0,MICS,UW,,,,,1,NA,Other,FALSE,FALSE,NA,NA,NA,0,0,0
180,Democratic Republic of the Congo,2007.3315069999999,0.189310168,0.083526754,0.105783415,2007,2007.663014,0,DHS,UW,,,,,0,0.101201033,DHS,FALSE,FALSE,0.117798172,0.145277593,0.129183489,1,1,1
180,Democratic Republic of the Congo,2013.869863,0.171371386,0.086016849,0.085354537,2013.580822,2014.158904,0,DHS,UW,,,,,0,0.130529266,DHS,FALSE,FALSE,0.089357023,0.078708422,0.059286494,1,1,1
328,Guyana,2014,0.075475391,0.061331567,0.014143824,2014,2014,0,MICS,UW,,,,,1,0.067283083,Other,FALSE,FALSE,0.340500011,0.146262946,0.128453007,1,1,1
328,Guyana,2006.641096,0.108464946,0.098391819,0.010073128,2006.243836,2007.038356,0,MICS,UW,,,,,1,NA,Other,FALSE,FALSE,0.264219314,0.10486196,NaN,1,1,0
328,Guyana,2009.369863,0.235602082,0.220449358,0.015152724,2009.161644,2009.578082,0,DHS,UW,,,,,0,0.067339296,DHS,FALSE,FALSE,0.209918508,0.091992032,0.118992633,1,1,1
740,Suriname,2018.412329,0.113785847,0.112785847,0.001,2018.161644,2018.663014,0,MICS,UW,,,,,0,0.075449887,Other,TRUE,FALSE,NA,NA,NA,0,0,0
740,Suriname,2006.328767,0.193025659,0.192025659,0.001,2006.246575,2006.410959,0,MICS,UW,,,,,0,NA,Other,TRUE,FALSE,1.002751249,0.063920456,NaN,1,1,0
740,Suriname,2010.5383565000002,0.222310771,0.220576384,0.001734387,2010.523288,2010.553425,0,MICS,UW,,,,,0,NA,Other,FALSE,FALSE,NA,NA,NA,0,0,0
740,Suriname,2000.080373,0.095450819,0.093972475,0.001478344,1999.832877,2000.327869,0,MICS,UW,,,,,0,NA,Other,FALSE,FALSE,0.741524962,0.088120143,NaN,1,1,0
24,Angola,2001.538356,0.069228457,0.052850156,0.016378301,2001.246575,2001.830137,0,MICS,UW,,,,,0,NA,Other,FALSE,FALSE,0.242048589,0.097751355,NaN,1,1,0
24,Angola,2015.9970395,0.128690774,0.123695424,0.00499535,2015.832877,2016.161202,0,DHS,UW,,,,,0,0.168165311,DHS,FALSE,FALSE,0.223347205,0.07757269,0.047200886,1,1,1
24,Angola,2008.9432969999998,0.252945259,0.191247572,0.061697687,2008.393443,2009.493151,0,NS,UW,,,,,0,NA,Other,FALSE,FALSE,NA,NA,NA,0,0,0
70,Bosnia and Herzegovina,2006.4438355,0.075557607,0.055397782,0.020159825,2006.367123,2006.520548,0,MICS,UW,,,,,1,NA,Other,FALSE,FALSE,NA,NA,NA,0,0,0
70,Bosnia and Herzegovina,2012.0393895,0.148509464,0.121595462,0.026914001,2011.832877,2012.245902,0,MICS,UW,,,,,0,NA,Other,FALSE,FALSE,NA,NA,NA,0,0,0
499,Montenegro,2013.2863015,0.19438594,0.182414767,0.011971173,2013.161644,2013.410959,0,MICS,UW,,,,,1,0.11340685,Other,FALSE,FALSE,0.28202732,0.108043623,0.116233497,1,1,1
499,Montenegro,2005.9150685,0.138079353,0.103792669,0.034286684,2005.747945,2006.082192,0,MICS,UW,,,,,1,NA,Other,FALSE,FALSE,NA,NA,NA,0,0,0
548,Vanuatu,2013,0.13306801,0.111987406,0.021080605,2013,2013,0,NS,UW,,,Including folk methods.,,0,NA,Other,FALSE,FALSE,NA,NA,NA,0,0,0
548,Vanuatu,2007.9,0.093738068,0.092738068,0.001,2007.832877,2007.967123,0,MICS,UW,,,,,1,NA,Other,TRUE,FALSE,1.001343538,0.150676518,NaN,1,1,0
678,Sao Tome and Principe,2014,0.215939947,0.206195357,0.00974459,2014,2014,0,MICS,UW,,,,,1,0.1588583,Other,FALSE,FALSE,0.336085472,0.063332795,0.108762501,1,1,1
678,Sao Tome and Principe,2008.8744295000001,0.160540103,0.154572105,0.005967998,2008.666667,2009.082192,0,DHS,UW,,,,,0,0.086963975,DHS,FALSE,FALSE,0.553167559,0.095759942,0.140463772,1,1,1
688,Serbia,2014.2054795,0.331132479,0.279799674,0.051332804,2014.084932,2014.326027,0,MICS,UW,,,,,0,NA,Other,FALSE,FALSE,0.156579882,0.085873706,1.0014018,1,1,1
688,Serbia,2005.9150685,0.318866475,0.288013626,0.030852849,2005.747945,2006.082192,0,MICS,UW,,,,,1,NA,Other,FALSE,FALSE,0.15158502,0.07314319,NaN,1,1,0
688,Serbia,2010.9150685,0.502244984,0.442357479,0.059887506,2010.832877,2010.99726,0,MICS,UW,,,,,1,NA,Other,FALSE,FALSE,0.1750321,0.074181043,NaN,1,1,0
528,Netherlands,1982,0.531,0.495466667,0.035533333,1982,1982,+,Other,UW,,,,,0,NA,Other,FALSE,FALSE,NA,NA,NA,0,0,0
528,Netherlands,1988,0.586147878,0.537375628,0.04877225,1988,1988,+,NS,UW,,,,,0,NA,Other,FALSE,FALSE,NA,NA,NA,0,0,0
840,United States of America,2016,0.50309144,0.468121218,0.034970222,2015,2017,?,NS,UW,,,,,1,NA,Other,FALSE,FALSE,NA,NA,NA,0,0,0
840,United States of America,2014,0.48889863,0.458581672,0.030316958,2013,2015,?,NS,UW,,,,,1,NA,Other,FALSE,FALSE,NA,NA,NA,0,0,0
840,United States of America,2002,0.484953152,0.433343551,0.051609601,2002,2002,?,NS,UW,,,,,1,NA,Other,FALSE,FALSE,NA,NA,NA,0,0,0
124,Canada,1984,0.608064468,0.589179381,0.018885088,1984,1984,+,NS,UW,,,,,0,NA,Other,FALSE,FALSE,NA,NA,NA,0,0,0
724,Spain,1999,0.395989099,0.369965051,0.026024048,1999,1999,0,NS,UW,,,,,0,NA,Other,FALSE,FALSE,NA,NA,NA,0,0,0
724,Spain,1985,0.125703359,0.10361838,0.022084979,1985,1985,+,NS,UW,,,,,0,NA,Other,FALSE,FALSE,NA,NA,NA,0,0,0
724,Spain,2018,0.6082025,0.58795,0.0202525,2018,2018,+,NS,UW,,,,,1,NA,Other,FALSE,FALSE,NA,NA,NA,0,0,0
270,Gambia,2013.2054795,0.035073019,0.034073019,0.001,2013.084932,2013.326027,0,DHS,UW,,,,,0,0.021196217,DHS,TRUE,FALSE,NA,NA,NA,0,0,0
270,Gambia,1990,0.076213018,0.053071006,0.023142012,1990,1990,0,Other,UW,,,Including folk methods.,,0,NA,Other,FALSE,FALSE,NA,NA,NA,0,0,0
270,Gambia,2018.1630135,0.039850638,0.038850638,0.001,2018,2018.326027,0,MICS,UW,,,,,1,NA,Other,TRUE,FALSE,NA,NA,NA,0,0,0
270,Gambia,2010.4547945,0.07171307,0.061882371,0.009830699,2010.246575,2010.663014,0,MICS,UW,,,,,1,NA,Other,FALSE,FALSE,NA,NA,NA,0,0,0
638,Runion,1990.2,0.421,0.397,0.024,1990.2,1990.2,0,Other,UW,,,Including folk methods.,,0,NA,Other,FALSE,FALSE,NA,NA,NA,0,0,0
480,Mauritius,1991.4547945,0.011,0.01,0.001,1991.246575,1991.663014,?,Other,UW,,,,,0,NA,Other,FALSE,FALSE,NA,NA,NA,0,0,0
480,Mauritius,2002,0.034244253,0.033244253,0.001,2002,2002,0,Other,UW,,,,,0,NA,Other,TRUE,FALSE,NA,NA,NA,0,0,0
480,Mauritius,2014.6205475,0.036875,0.024875,0.012,2014.49589,2014.745205,0,Other,UW,,,,,0,NA,Other,FALSE,FALSE,NA,NA,NA,0,0,0
203,Czechia,1993.2890415,0.3971875,0.275464844,0.121722656,1993.084932,1993.493151,?,Other,UW,,,,,0,NA,Other,FALSE,FALSE,NA,NA,NA,0,0,0
100,Bulgaria,1995,0.499,0.299,0.2,1995,1995,?,NS,UW,,,,,0,NA,Other,FALSE,FALSE,NA,NA,NA,0,0,0
826,United Kingdom of Great Britain and Northern Ireland,2001.8287675000001,0.642128713,0.597376238,0.044752475,2001.413699,2002.243836,0,NS,UW,Excluding Northern Ireland.,,,,1,NA,Other,FALSE,FALSE,NA,NA,NA,0,0,0
826,United Kingdom of Great Britain and Northern Ireland,2005.5,0.622851562,0.58140625,0.041445312,2005,2006,0,NS,UW,Excluding Northern Ireland.,,,,1,NA,Other,FALSE,FALSE,NA,NA,NA,0,0,0
826,United Kingdom of Great Britain and Northern Ireland,1995.7462385,0.54387004,0.53080506,0.01306498,1995.246575,1996.245902,0,NS,UW,Excluding Northern Ireland.,,,,1,NA,Other,FALSE,FALSE,NA,NA,NA,0,0,0
826,United Kingdom of Great Britain and Northern Ireland,2000.8295685,0.627826087,0.590434783,0.037391304,2000.415301,2001.243836,0,NS,UW,Excluding Northern Ireland.,,,,1,NA,Other,FALSE,FALSE,NA,NA,NA,0,0,0
826,United Kingdom of Great Britain and Northern Ireland,1999.5,0.766963696,0.69,0.076963696,1999,2000,0,NS,UW,Excluding Northern Ireland.,,,,1,NA,Other,FALSE,FALSE,NA,NA,NA,0,0,0
826,United Kingdom of Great Britain and Northern Ireland,2002.5,0.579202454,0.547300614,0.03190184,2002,2003,0,NS,UW,Excluding Northern Ireland.,,,,1,NA,Other,FALSE,FALSE,NA,NA,NA,0,0,0
826,United Kingdom of Great Britain and Northern Ireland,1998,0.540269205,0.526756402,0.013512804,1998,1998,0,NS,UW,Excluding Northern Ireland.,,,,1,NA,Other,FALSE,FALSE,NA,NA,NA,0,0,0
826,United Kingdom of Great Britain and Northern Ireland,2002.5,0.597588458,0.564823083,0.032765375,2002,2003,0,NS,UW,Excluding Northern Ireland.,,,,1,NA,Other,FALSE,FALSE,NA,NA,NA,0,0,0
826,United Kingdom of Great Britain and Northern Ireland,2003.5,0.622129964,0.604753309,0.017376655,2003,2004,0,NS,UW,Excluding Northern Ireland.,,,,1,NA,Other,FALSE,FALSE,NA,NA,NA,0,0,0
826,United Kingdom of Great Britain and Northern Ireland,2008,0.63672231,0.56,0.07672231,2008,2008,0,NS,UW,Excluding Northern Ireland.,,,,1,NA,Other,FALSE,FALSE,NA,NA,NA,0,0,0
826,United Kingdom of Great Britain and Northern Ireland,2004.5,0.648113207,0.598113208,0.05,2004,2005,0,NS,UW,Excluding Northern Ireland.,,,,1,NA,Other,FALSE,FALSE,NA,NA,NA,0,0,0
826,United Kingdom of Great Britain and Northern Ireland,1998.5,0.6,0.532021858,0.067978142,1998,1999,0,NS,UW,Excluding Northern Ireland.,,,,1,NA,Other,FALSE,FALSE,NA,NA,NA,0,0,0
90,Solomon Islands,2007.047945,0.091738717,0.065357878,0.026380839,2006.769863,2007.326027,0,DHS,UW,,,Including folk methods.,,0,NA,DHS,FALSE,FALSE,NA,NA,NA,0,0,0
90,Solomon Islands,2015.4863015,0.063055046,0.050421101,0.012633945,2015.260274,2015.712329,0,NS,UW,,,,,0,NA,Other,FALSE,FALSE,NA,NA,NA,0,0,0
246,Finland,2015,0.770731707,0.719512195,0.051219512,2015,2015,+,NS,UW,,,,,0,NA,Other,FALSE,FALSE,NA,NA,NA,0,0,0
246,Finland,1999,0.724517906,0.672176309,0.052341598,1999,1999,+,NS,UW,,,,,0,NA,Other,FALSE,FALSE,NA,NA,NA,0,0,0
246,Finland,1992,0.743486974,0.723446894,0.02004008,1992,1992,+,NS,UW,,,,,0,NA,Other,FALSE,FALSE,NA,NA,NA,0,0,0
246,Finland,2007,0.734557596,0.684474123,0.050083472,2007,2007,+,NS,UW,,,,,1,NA,Other,FALSE,FALSE,NA,NA,NA,0,0,0
250,France,2005.8273975000002,0.315,0.313,0.002,2005.734247,2005.920548,+,Other,PW,,,,+,1,NA,Other,FALSE,FALSE,NA,NA,NA,0,0,0
250,France,2010.7479455,0.584,0.56,0.024,2010.413699,2011.082192,0,NS,UW,,,,,0,NA,Other,FALSE,FALSE,NA,NA,NA,0,0,0
250,France,1978.4561640000002,0.521052874,0.414627586,0.106425287,1977.915068,1978.99726,+,Other,UW,,,,,0,NA,Other,FALSE,FALSE,NA,NA,NA,0,0,0
250,France,2008.8729505000001,0.312,0.296,0.016,2008.800546,2008.945355,+,Other,PW,,,,-,1,NA,Other,FALSE,FALSE,NA,NA,NA,0,0,0
296,Kiribati,2009.8369865,0.040734824,0.039734824,0.001,2009.712329,2009.961644,0,DHS,UW,,,,,0,NA,DHS,TRUE,FALSE,NA,NA,NA,0,0,0
584,Marshall Islands,2007.2671235,0.183635417,0.175549523,0.008085893,2007.10411,2007.430137,0,NS,UW,,,Including folk methods.,,0,NA,Other,FALSE,FALSE,NA,NA,NA,0,0,0
798,Tuvalu,2007.6369865000001,0.056090909,0.052454545,0.003636364,2007.479452,2007.794521,0,NS,UW,,,Including folk methods.,,0,NA,Other,FALSE,FALSE,NA,NA,NA,0,0,0
882,Samoa,2014.538356,0.015535992,0.014500259,0.001035733,2014.49589,2014.580822,0,NS,UW,,,,,0,0.024,Other,FALSE,FALSE,NA,NA,NA,0,0,0
882,Samoa,2009.6630135,0.02443155,0.019382666,0.005048884,2009.580822,2009.745205,0,DHS,UW,,,Including folk methods.,,0,NA,DHS,FALSE,FALSE,NA,NA,NA,0,0,0
462,Maldives,2009.4150685,0.01519,0.01419,0.001,2009,2009.830137,0,DHS,UW,,,Including folk methods.,,0,NA,DHS,TRUE,FALSE,0.998988925,0.181590867,NaN,1,1,0
462,Maldives,2017.200689,0.014764325,0.013080979,0.001683345,2016.497268,2017.90411,0,DHS,UW,,,,,0,0.04312114,DHS,FALSE,FALSE,0.746120328,0.2954521,0.158724854,1,1,1
626,Timor-Leste,2009.869863,0.004172889,0.003172889,0.001,2009.580822,2010.158904,0,DHS,UW,,,,,0,0.004348466,DHS,TRUE,TRUE,NaN,0.323540809,0.262646707,0,1,1
626,Timor-Leste,2016.8401640000002,0.004684722,0.003104307,0.001580416,2016.70765,2016.972678,0,DHS,UW,,,,,0,0.006768567,DHS,FALSE,TRUE,0.494700172,0.352318746,0.191202796,1,1,1
643,Russian Federation,2007,0.209,0.177,0.032,2007,2007,+,Other,PW,,,,-,1,NA,Other,FALSE,FALSE,NA,NA,NA,0,0,0
643,Russian Federation,2004,0.132,0.107,0.025,2004,2004,+,Other,PW,,,,+,1,NA,Other,FALSE,FALSE,NA,NA,NA,0,0,0
64,Bhutan,2010.4452055,0.035376701,0.034376701,0.001,2010.246575,2010.643836,0,MICS,UW,,,,,1,NA,Other,TRUE,FALSE,NaN,0.1114431,0.140948536,0,1,1
188,Costa Rica,2011.8191785,0.364373673,0.362663736,0.001709937,2011.734247,2011.90411,0,MICS,UW,,,,,1,NA,Other,FALSE,FALSE,NA,NA,NA,0,0,0
192,Cuba,2014.412329,0.666712718,0.658810419,0.007902299,2014.084932,2014.739726,0,MICS,UW,,,,,1,0.068546999,Other,FALSE,FALSE,0.362462032,0.078178085,0.144566006,1,1,1
192,Cuba,2011.079452,0.647363421,0.64073183,0.006631592,2010.832877,2011.326027,0,MICS,UW,,,,,1,NA,Other,FALSE,FALSE,0.440244118,0.078637104,0.174258742,1,1,1
591,Panama,2013,0.284513012,0.274265257,0.010247755,2013,2013,0,MICS,UW,,,,,1,0.107531564,Other,FALSE,FALSE,NA,NA,NA,0,0,0
591,Panama,2015.2849314999999,0.269268277,0.261614098,0.007654179,2014.657534,2015.912329,0,Other,UW,,,,,0,NA,Other,FALSE,FALSE,NA,NA,NA,0,0,0
662,Saint Lucia,2011.5,0.290999117,0.279291366,0.01170775,2011,2012,0,MICS,UW,,,,,1,NA,Other,FALSE,FALSE,NA,NA,NA,0,0,0
807,The former Yugoslav Republic of Macedonia,2011.1643835,0.193830424,0.161432075,0.032398349,2011.246575,2011.082192,0,MICS,UW,,,,,0,NA,Other,FALSE,FALSE,NA,NA,NA,0,0,0
704,Viet Nam,2014.079452,0.012474248,0.011424313,0.001049935,2013.915068,2014.243836,0,MICS,UW,,,,,1,NA,Other,FALSE,FALSE,0.578989708,0.186721669,0.439881303,1,1,1
704,Viet Nam,2010.989041,0.022768632,0.01953896,0.003229672,2010.909589,2011.068493,0,MICS,UW,,,,,1,NA,Other,FALSE,FALSE,0.370448309,0.141314185,0.25802422,1,1,1
226,Equatorial Guinea,2011.7041095,0.151426743,0.129054765,0.022371977,2011.49589,2011.912329,0,DHS,UW,,,,,0,NA,DHS,FALSE,FALSE,NA,NA,NA,0,0,0
418,Lao People's Democratic Republic,2017.6205475,0.0405855,0.037857184,0.002728315,2017.49589,2017.745205,0,DHS,UW,,,,,1,0.038729083,DHS,FALSE,FALSE,NA,NA,NA,0,0,0
418,Lao People's Democratic Republic,2011.9134775,0.00825996,0.006963442,0.001296517,2011.665753,2012.161202,0,DHS,UW,,,,,0,0.023638808,DHS,FALSE,TRUE,0.415077869,0.207696824,0.100481417,1,1,1
372,Ireland,2010,0.668674699,0.661144578,0.00753012,2010,2010,+,NS,UW,,+,,,0,NA,Other,FALSE,FALSE,NA,NA,NA,0,0,0
372,Ireland,2003.9118795,0.595588235,0.590686274,0.004901961,2003.49589,2004.327869,+,NS,UW,,,,,1,NA,Other,FALSE,FALSE,NA,NA,NA,0,0,0
554,New Zealand,1976,0.439,0.435,0.004,1976,1976,?,NS,UW,,+,,,0,NA,Other,FALSE,FALSE,NA,NA,NA,0,0,0
56,Belgium,2018.789041,0.543,0.535,0.008,2018.580822,2018.99726,0,NS,UW,,,,,0,NA,Other,FALSE,FALSE,NA,NA,NA,0,0,0
56,Belgium,2013.49863,0.560341625,0.55324562,0.007096006,2013,2013.99726,-,NS,UW,,,,,0,NA,Other,FALSE,FALSE,NA,NA,NA,0,0,0
56,Belgium,2009.247829,0.352,0.35,0.002,2008.084699,2010.410959,+,Other,PW,,,,+,1,NA,Other,FALSE,FALSE,NA,NA,NA,0,0,0
276,Germany,1985.830137,0.715363636,0.626909091,0.088454545,1985.747945,1985.912329,?,NS,UW,Data pertain to West Germany only.,,,,0,NA,Other,FALSE,FALSE,NA,NA,NA,0,0,0
276,Germany,2005.250685,0.291,0.287,0.004,2005.142466,2005.358904,+,Other,PW,,,,+,1,NA,Other,FALSE,FALSE,NA,NA,NA,0,0,0
440,Lithuania,2006.6205479999999,0.131,0.116,0.015,2006.246575,2006.994521,+,Other,PW,,,,+,1,NA,Other,FALSE,FALSE,NA,NA,NA,0,0,0
776,Tonga,2012,0.02049735,0.019236942,0.001260409,2012,2012,0,DHS,UW,,,Including folk methods.,,0,NA,DHS,FALSE,FALSE,NA,NA,NA,0,0,0
36,Australia,2015.835478,0.4993,0.497,0.0023,2015.569863,2016.101093,+,NS,UW,,,,,1,NA,Other,FALSE,FALSE,NA,NA,NA,0,0,0
36,Australia,2005.9150685,0.48226,0.48046,0.0018,2005.643836,2006.186301,+,NS,UW,,,,,1,NA,Other,FALSE,FALSE,NA,NA,NA,0,0,0
36,Australia,2008.8895615,0.4444,0.4411,0.0033,2008.620219,2009.158904,+,NS,UW,,,,,1,NA,Other,FALSE,FALSE,NA,NA,NA,0,0,0
36,Australia,2011.847777,0.5195,0.5169,0.0026,2011.572603,2012.122951,+,NS,UW,,,,,1,NA,Other,FALSE,FALSE,NA,NA,NA,0,0,0
478,Mauritania,2015.7041095,0.024188145,0.02308639,0.001101755,2015.49589,2015.912329,0,MICS,UW,,,,,1,NA,Other,FALSE,FALSE,NA,NA,NA,0,0,0
32,Argentina,2013.4109589999998,0.431609767,0.429146227,0.00246354,2013.328767,2013.493151,0,NS,UW,"Data pertain to urban centers with 2,000 or more people.",,,,0,NA,Other,FALSE,FALSE,NA,NA,NA,0,0,0
348,Hungary,2008.9591325000001,0.132,0.121,0.011,2008.833333,2009.084932,+,Other,UW,,,,-,1,NA,Other,FALSE,FALSE,NA,NA,NA,0,0,0
756,Switzerland,2012.498634,0.729336,0.704763,0.024573,2012,2012.997268,0,NS,UW,,,,,1,NA,Other,FALSE,FALSE,NA,NA,NA,0,0,0
40,Austria,2013.062022,0.590047999,0.573684996,0.016363004,2012.724044,2013.4,+,Other,UW,,,,+,1,NA,Other,FALSE,FALSE,NA,NA,NA,0,0,0
104,Myanmar,2016.2471515,0.005474165,0.0044741650000000004,0.001,2015.915068,2016.579235,0,DHS,UW,,,,,0,0.001676952,DHS,TRUE,TRUE,NaN,0.244218566,0.403390759,0,1,1
616,Poland,2014,0.25425,0.221932,0.032318,2014,2014,0,NS,UW,,,,,1,NA,Other,FALSE,FALSE,NA,NA,NA,0,0,0
616,Poland,2010.979452,0.109,0.104,0.005,2010.8,2011.158904,+,Other,UW,,,,-,1,NA,Other,FALSE,FALSE,NA,NA,NA,0,0,0
392,Japan,2014.2027400000002,0.298069956,0.261017061,0.037052895,2014.161644,2014.243836,+,NS,UW,,,,-,0,NA,Other,FALSE,FALSE,NA,NA,NA,0,0,0
152,Chile,2015.957422,0.529629402,0.5049045,0.024724902,2015.832877,2016.081967,0,NS,UW,,,,,1,NA,Other,FALSE,FALSE,NA,NA,NA,0,0,0
380,Italy,2013,0.57,0.516,0.054,2013,2013,+,NS,UW,,+,,,1,NA,Other,FALSE,FALSE,NA,NA,NA,0,0,0
222,El Salvador,1978.7246575,0.043751861,NA,NA,1978.49589,1978.953425,?,Other,UW,,,,,0,NA,Other,FALSE,FALSE,NA,NA,NA,0,0,0
604,Peru,1981,0.019183917,NA,NA,1981,1981,0,Other,UW,,,,,0,NA,Other,FALSE,FALSE,NA,NA,NA,0,0,0
894,Zambia,1999.789041,0.08991,NA,NA,1999.747945,1999.830137,0,MICS,UW,,,,,1,NA,Other,FALSE,FALSE,NA,NA,NA,0,0,0
426,Lesotho,1995,0.296,NA,NA,1995,1995,0,NS,UW,,+,,,0,NA,Other,FALSE,FALSE,NA,NA,NA,0,0,0
528,Netherlands,2013.6219175,0.55,NA,NA,2013.49589,2013.747945,+,Other,UW,,,,,1,NA,Other,FALSE,FALSE,NA,NA,NA,0,0,0
528,Netherlands,2008.3729505000001,0.51,NA,NA,2008.163934,2008.581967,+,NS,UW,,,,,1,NA,Other,FALSE,FALSE,NA,NA,NA,0,0,0
528,Netherlands,1998.4123285,0.38,NA,NA,1998.49589,1998.328767,+,NS,UW,,,,,1,NA,Other,FALSE,FALSE,NA,NA,NA,0,0,0
528,Netherlands,2003.2068494999999,0.43,NA,NA,2003.084932,2003.328767,+,NS,UW,,,,,1,NA,Other,FALSE,FALSE,NA,NA,NA,0,0,0
840,United States of America,1990,0.466149635,NA,NA,1990,1990,?,NS,UW,,,,,0,NA,Other,FALSE,FALSE,NA,NA,NA,0,0,0
840,United States of America,1995,0.523546602,NA,NA,1995,1995,?,NS,UW,,,,,1,NA,Other,FALSE,FALSE,NA,NA,NA,0,0,0
840,United States of America,1988,0.461017007,NA,NA,1988,1988,?,NS,UW,,,,,1,NA,Other,FALSE,FALSE,NA,NA,NA,0,0,0
840,United States of America,2008.453425,0.463997367,NA,NA,2006.413699,2010.493151,?,NS,UW,,,,,1,NA,Other,FALSE,FALSE,NA,NA,NA,0,0,0
840,United States of America,1982,0.405350704,NA,NA,1982,1982,?,NS,UW,,,,,1,NA,Other,FALSE,FALSE,NA,NA,NA,0,0,0
840,United States of America,2007,0.432428969,NA,NA,2006,2008,?,NS,UW,,,,,1,NA,Other,FALSE,FALSE,NA,NA,NA,0,0,0
124,Canada,1998,0.66,NA,NA,1998,1998,?,Other,UW,,,,,0,NA,Other,FALSE,FALSE,NA,NA,NA,0,0,0
296,Kiribati,2000,0.22188024,NA,NA,2000,2000,0,NS,UW,,,,,0,NA,Other,FALSE,FALSE,NA,NA,NA,0,0,0
184,Cook Islands,1999,0.408909091,NA,NA,1999,1999,0,NS,UW,,,,,0,NA,Other,FALSE,FALSE,NA,NA,NA,0,0,0
620,Portugal,2014.7904105,0.46137084,NA,NA,2014.665753,2014.915068,0,NS,UW,,+,,,0,NA,Other,FALSE,FALSE,NA,NA,NA,0,0,0
